#,Title,Channel,Views,URL,Relevance,Search Query
1,How To Install The 3M CLAW™ Drywall Picture Hanger for Heavyweight Items,3M,"799,955 views",https://www.youtube.com/watch?v=gL7pI_JKfcE,High - 3M Claw in title,3M Claw
2,3M Claw Drywall Picture Hangers Are the Smartest Way to Hang Pictures,Justin Reviews,"101,774 views",https://www.youtube.com/watch?v=DCbDhkbB1xQ,High - 3M Claw in title,3M Claw
3,3M Claw vs. Drywall Anchor - Hanging Heavy Items on Drywall,Reluctant DIYers,"90,485 views",https://www.youtube.com/watch?v=iZnXYuNieuc,High - 3M Claw in title,3M Claw
4,How to Use Claw Drywall Hangers | 3M Claw DIY Tutorial,HomeServe,"6,089 views",https://www.youtube.com/watch?v=EnIJh6WcjTE,High - 3M Claw in title,3M Claw
5,3M™ CLAW Drywall Picture Hanger Video 45 seconds,3M,"3,601,124 views",https://www.youtube.com/watch?v=hDxebMTfAo8,High - 3M Claw in title,3M Claw
6,Easy DIY wall hangers // 3M CLAW™ Drywall Picture Hanger,DIY Creators,"69,955 views",https://www.youtube.com/watch?v=xKfM10_83DA,High - 3M Claw in title,3M Claw
7,3M Wallclaw,Go Build Stuff,"303,820 views",https://www.youtube.com/watch?v=3Ii0UGiRqO0,High - 3M Claw in title,3M Claw
8,This could be the best picture hanging system ever! 3M Claw,Proper DIY,"323,340 views",https://www.youtube.com/watch?v=uYZA2PFk9yE,High - 3M Claw in title,3M Claw
9,3M Claw Spot Marker - Does it Work?,Reluctant DIYers,"31,138 views",https://www.youtube.com/watch?v=zBM3943UPSE,High - 3M Claw in title,3M Claw
10,Hanging Pictures Made Easy with the 3M Claw #diy #diytools #tools #homedecoration,Tough Guys DIY,"11,173 views",https://www.youtube.com/watch?v=44xh9C1P-3I,High - 3M Claw in title,3M Claw
11,3M CLAW™ Drywall Hooks,3M,"1,247,546 views",https://www.youtube.com/watch?v=xL98WJuWTE0,High - 3M Claw in title,3M Claw
12,Installing 3M Claw drywall picture hanger #diy #shorts,Man VS Housework,"74,009 views",https://www.youtube.com/watch?v=4M_hC9UIjcs,High - 3M Claw in title,3M Claw
13,3M CLAW Drywall Picture Hangers (3 Pack),limubearproductions,"64,458 views",https://www.youtube.com/watch?v=4hZt9IeAIys,High - 3M Claw in title,3M Claw
14,3M CLAW™ Heavy Weight Hanging Solution with Kiva,3M,"100,604 views",https://www.youtube.com/watch?v=jT07Bwi-Bis,High - 3M Claw in title,3M Claw
15,How To Use CLAW Hooks— Hang 3M CLAW Hooks in a Straight Line,3M,"3,622 views",https://www.youtube.com/watch?v=YebVZRH5WWc,High - 3M Claw in title,3M Claw
16,#Ad LRN2DIY tested out 3M CLAW™ Hangers,3M,"430,448 views",https://www.youtube.com/watch?v=6TNn4-Qx7zI,High - 3M Claw in title,3M Claw
17,3M CLAW™ Heavy Weight Hanging Solution,3M,"21,392 views",https://www.youtube.com/watch?v=B6qphqiFMyU,High - 3M Claw in title,3M Claw
18,3M CLAW™ Drywall Hooks,3M,"7,455 views",https://www.youtube.com/watch?v=4VV_NRYMBl4,High - 3M Claw in title,3M Claw
19,Can the 3M Claw Hold Heavy Items on Drywall?,Reluctant DIYers,"14,765 views",https://www.youtube.com/watch?v=LoNGiq25ddI,High - 3M Claw in title,3M Claw hooks
20,3M™ CLAW Drywall Picture Hanger Video 15 seconds,3M,"334,776 views",https://www.youtube.com/watch?v=YFYCyfxlsdM,High - 3M Claw in title,3M Claw drywall hooks
21,3M CLAW™ Plasterboard and Drywall Picture Hanger - HERO English Video (POTY),3M UK & Ireland,"2,108 views",https://www.youtube.com/watch?v=MEg2kZ3Zeqo,High - 3M Claw in title,3M Claw drywall hooks
22,"Best way to hang a picture? 3M CLAW 15, 25 and 45 lb. Drywall Picture Hanger Variety Pack",The Review Crew,93 views,https://www.youtube.com/watch?v=9osBL0LDnsU,High - 3M Claw in title,3M Claw picture hangers
23,How To Install The 3M CLAW™ Drywall Picture Hanger,Officeworks,"8,966 views",https://www.youtube.com/watch?v=VaThmOH9oSs,High - 3M Claw in title,3M Claw picture hangers
24,#ad Hanging our 60lb antique mirror with ease using 3M CLAW™ Drywall Picture Hanger NO tools  needed,"XO, MaCenna","52,457 views",https://www.youtube.com/watch?v=9r8SWWZz8Gg,High - 3M Claw in title,3M Claw heavy duty
25,Battle of the Wall Hangers! 3M Claw vs. 3M Command Strips vs. Basic Wall Anchors!,Revu2u,"27,941 views",https://www.youtube.com/watch?v=4RJu41zSWbY,High - 3M Claw in title,3M Claw heavy duty
26,The easiest way to hang things up!!! Love 3m Claw so much!!! #homedecor #homediy #eclectic,Mallory on the Moon,"10,985 views",https://www.youtube.com/watch?v=p1HXJCNiY60,High - 3M Claw in title,3M Claw heavy duty
27,Tim Cruise LOVES The 3M CLAW,Such Fun Gifts,"8,355 views",https://www.youtube.com/watch?v=Lx2H-vEmxDY,High - 3M Claw in title,3M Claw vs Command hooks
28,Tool Tips 3M Claw Holds up to 45 LBS TikTok #tooltips #lifehacks,You Can Do It,"13,520 views",https://www.youtube.com/watch?v=MNtOzq9I-Sw,High - 3M Claw in title,3M Claw vs Command hooks
29,"3M CLAW Drywall Picture Hanger with Temporary Spot Marker, Holds 15 lbs, 6 Hangers, 6 Markers/Pack",Happy Shop,735 views,https://www.youtube.com/watch?v=gE_S9LeqpaQ,High - 3M Claw in title,best drywall hooks 3M Claw
30,Can You Hammer the 3M Claw Into the Wall?,Reluctant DIYers,"16,247 views",https://www.youtube.com/watch?v=KexjqfkOn0Y,High - 3M Claw in title,3M Claw installation
31,How to Hang a Photo Gallery Wall on drywall without anchors or studs with 3M Claw Hangers,Simply2Moms,"8,116 views",https://www.youtube.com/watch?v=uzJVnQuMdNQ,High - 3M Claw in title,how to use 3M Claw
32,#ad the 3M™ CLAW™ Drywall Picture Hangers from @3MCorporate since it makes decorating much easier!,Loi Doan ,"14,766 views",https://www.youtube.com/watch?v=PSbcjSwnodo,High - 3M Claw in title,how to use 3M Claw
33,3M CLAW™ Plasterboard and Drywall Picture Hanger - Strength and Ease English Video,3M UK & Ireland,"694,823 views",https://www.youtube.com/watch?v=_6n7sBQbuTQ,High - 3M Claw in title,3M Claw hanging pictures
34,3m Claw drywall anchors useless,3 Point Films,"4,659 views",https://www.youtube.com/watch?v=rXCD67bZBy4,High - 3M Claw in title,3M Claw test
35,#ad Welcome to the new entryway w/ 3M™ CLAW™ Drywall Picture Hangers,Tina Le,"36,786 views",https://www.youtube.com/watch?v=dCNmZO6K2iw,High - 3M Claw in title,3M Claw unboxing
36,The 3M claw is perfect for hanging up decor! #homedecor #homeimprovement #homefurnishings #decor,Johna Kimara,28231,https://www.youtube.com/watch?v=l3iDxpLDhmM,High - 3M Claw in title,3M Claw heavy duty
37,3M Claw Heavyweight Drywall Picture Hanger,The Motley Guy,1848,https://www.youtube.com/watch?v=iYkwumvD5Ws,High - 3M Claw in title,3M Claw unboxing
38,3M CLAW™ Heavy Weight Hanging Solution,3M,"8,052 views",https://www.youtube.com/watch?v=sI039-4-zAk,High - 3M Claw in title,3M Claw heavy items
39,Hang Heavy Items in Seconds with the 3M™ CLAW Drywall Picture Hanger,Americhem International,172 views,https://www.youtube.com/watch?v=Cm0WwlnVPD4,High - 3M Claw in title,3M Claw heavy items
40,Wall Mounting With The Claw,Shoalhaven Sparklies,,https://www.youtube.com/watch?v=mwV2SomT6X0&pp=ygUQM00gQ2xhdyB1bmJveGluZw%3D%3D,Medium - Claw + wall mounting context,3M Claw unboxing
41,The Worlds Strongest Picture Hangers for Drywall????,Revu2u,"50,766 views",https://www.youtube.com/watch?v=iFK2GMzjGy0,RESCUED - From '3M Claw' search with relevant hanging context,3M Claw
42,How to Hang Heavy Stuff on JUST DRYWALL!,Welcome to the Woods,"70,837 views",https://www.youtube.com/watch?v=sMUl3UEXfPk,RESCUED - From '3M Claw' search with relevant hanging context,3M Claw hooks
43,Picture Hanging Hack – Hanging Pictures Level,3M,"8,394,688 views",https://www.youtube.com/watch?v=sSUtjpY9gaE,RESCUED - From '3M Claw' search with relevant hanging context,3M Claw hooks
44,Every Drywall Anchor from The Home Depot Tested - You will be SHOCKED at how some of these did,Tool Review Zone,"144,546 views",https://www.youtube.com/watch?v=kulMYLbGcgE,RESCUED - From '3M Claw' search with relevant hanging context,3M Claw hooks
45,The END Of Drywall Anchors?! Fastest And Easiest Way To Hang Heavy Items! LETS TEST IT! How To DIY,Fix This House,"843,324 views",https://www.youtube.com/watch?v=E66puf77Lbk,RESCUED - From '3M Claw' search with relevant hanging context,3M Claw picture hangers
46,Testing Command Picture Hangers - Do They Really Work?,Proper DIY,"109,766 views",https://www.youtube.com/watch?v=YEU7jh2szDQ,RESCUED - From '3M Claw' search with relevant hanging context,3M Claw picture hangers
47,Best Way To Hang Heavy Things on Drywall. 3M Drywall Anchor Review.,Try This DIY,"2,171 views",https://www.youtube.com/watch?v=fdclF_hOUHk,RESCUED - From '3M Claw' search with relevant hanging context,3M Claw heavy duty
48,The Holy Grail of Wall Hooks! Why Damage Your Walls?,The Funny Carpenter,"148,072 views",https://www.youtube.com/watch?v=1E_421pfNr4,RESCUED - From '3M Claw' search with relevant hanging context,3M Claw vs Command hooks
49,How to Use 3M Command Strips & hang Pictures on your walls without Damage (Instructions),Littleguy Big Reviews,"287,139 views",https://www.youtube.com/watch?v=-7969X2nffo,RESCUED - From '3M Claw' search with relevant hanging context,3M Claw vs Command hooks
50,Hang Anything Heavy FAST! (Really Strong Hooks!),The Home Improvement Channel,"2,090 views",https://www.youtube.com/watch?v=EpjMsEEcYW0,RESCUED - From '3M Claw' search with relevant hanging context,install 3M Claw hooks
51,How Much Can a Drywall Anchor Actually Hold?,Vancouver Carpenter,"138,422 views",https://www.youtube.com/watch?v=P8eblEGN7go,RESCUED - From '3M Claw' search with relevant hanging context,3M Claw test
52,BEST Drywall HANGER!!,Ben There Reviewed That,"1,745 views",https://www.youtube.com/watch?v=oqZ5u3yVb1Y,RESCUED - From '3M Claw' search with relevant hanging context,3M Claw unboxing
53,Unwrapping of 3M Command Sawtooth Picture Hanger from 3M Official Store,Ayos ba?,731 views,https://www.youtube.com/watch?v=GZya583I1nc,RESCUED - From '3M Claw' search with relevant hanging context,3M Claw unboxing
54,Unbox and install our NEW Motorcycle Brake Reservoir Mount #shorts,QUAD LOCK,"330,146 views",https://www.youtube.com/watch?v=zxiFMQKjUIU,RESCUED - From '3M Claw' search with relevant hanging context,3M Claw unboxing
55,How To Hang A Gallery Wall EVENLY!,Reluctant DIYers,"21,480 views",https://www.youtube.com/watch?v=uHYPxOj_QWI,RESCUED - From '3M Claw' search with relevant hanging context,hang pictures with 3M Claw
56,Hang Heavy Items on Drywall - Without Drilling Large Holes!,Reluctant DIYers,247714,https://www.youtube.com/watch?v=m3Zl0hbkOfU,RESCUED - From '3M Claw' search with relevant hanging context,3M Claw hooks
57,Garage wall tool organizer diy-(see description) #diy #diyprojects #garageorganization #explorepage,House of Phyllis,136986,https://www.youtube.com/watch?v=IXb6jhxoPTk,RESCUED - From '3M Claw' search with relevant hanging context,3M Claw garage
58,How EZ Ancor Drywall Anchors Work | Behind the Scenes Drywall Screws #diy #screw #drywall,DIY for Home and Life,761839,https://www.youtube.com/watch?v=tqrQSv87Gvk,RESCUED - From '3M Claw' search with relevant hanging context,3M Claw garage
59,Hanging Pictures has never been so Easy : How To,"ModernMilt DIY, Tools, Home Improvement ",15409,https://www.youtube.com/watch?v=wZkbU6Za0Io,RESCUED - From '3M Claw' search with relevant hanging context,3M Claw hanging pictures
60,Remove 3M hooks without damage,Billshowto,"374,085 views",https://www.youtube.com/watch?v=jGK6Mw7o67o,RESCUED - From '3M Claw' search with relevant hanging context,3M Claw damage free
61,Hang Pictures And Artwork Without Nails #homehacks #picturehanging #hottohangartwork,Stephanie Booth Home,"154,569 views",https://www.youtube.com/watch?v=2EUbx6HB9eU,RESCUED - From '3M Claw' search with relevant hanging context,3M Claw damage free
62,My #1 go to Damage Free Hanging solution,StearlysLens Coastal Fine Art,7 views,https://www.youtube.com/watch?v=PgiMggTae6Q,RESCUED - From '3M Claw' search with relevant hanging context,3M Claw damage free
63,How to Hang Heavy Items on Drywall,Reluctant DIYers,"568,387 views",https://www.youtube.com/watch?v=T_k4WtidlY4,RESCUED - From '3M Claw' search with relevant hanging context,3M Claw no studs
64,Top 5 Picture Hanging Tips,Coral Hoyt,"1,006,939 views",https://www.youtube.com/watch?v=xUJ6VqeYfeU,RESCUED - From '3M Claw' search with relevant hanging context,3M Claw wire hangers
65,Never Use Adhesive Hooks!,Sky Management,"775,678 views",https://www.youtube.com/watch?v=GflraRkpOi4,RESCUED - From '3M Claw' search with relevant hanging context,3M Claw problems
66,Ad versus Reality QuadLock #motorcycle #shorts #diy #fyp #advertising #reality #accessories #mount,Fish Bowl Production,"454,617 views",https://www.youtube.com/watch?v=5070Mio5rjA,RESCUED - From '3M Claw' search with relevant hanging context,3M Claw fail
67,You Will NEVER use a different drywall anchor again after you see these!,Tool Review Zone,,https://www.youtube.com/watch?v=Ide9_wqAgqg&pp=ygUVM00gQ2xhdyBkcnl3YWxsIGhvb2tz,RESCUED - From '3M Claw' search with relevant hanging context,3M Claw drywall hooks
68,How to hang a picture on the wall the easy way,Billshowto,,https://www.youtube.com/watch?v=hZTIIpJCuGg&pp=ygUUM00gQ2xhdyBpbnN0YWxsYXRpb24%3D,RESCUED - From '3M Claw' search with relevant hanging context,3M Claw installation
69,DIY Hanging Garage Shelves - Garage Storage Ideas,DIY Homestead Projects,,https://www.youtube.com/watch?v=z-WETRvR680&pp=ygUbM00gQ2xhdyBnYXJhZ2Ugb3JnYW5pemF0aW9u,RESCUED - From '3M Claw' search with relevant hanging context,3M Claw garage organization
70,The Best Drywall Anchor Plug Inserts // Tested,Tools That Build,,https://www.youtube.com/watch?v=Zpxcu25aevA&pp=ygUMM00gQ2xhdyB0ZXN00gcJCQMKAYcqIYzv,RESCUED - From '3M Claw' search with relevant hanging context,3M Claw test
71,The Best Heavy Duty Wall Anchor [HOW TO INSTALL A DRYWALL ANCHOR],Detroit DIY,,https://www.youtube.com/watch?v=AT4Xer4jC2o&pp=ygUMM00gQ2xhdyB0ZXN0,RESCUED - From '3M Claw' search with relevant hanging context,3M Claw test
72,3M Double Sided Tape Unboxing & Review | No Nails No Hammer Rental Friendly Wall Hanging Decoration,Insha’s Igloo - HuffyZeen,,https://www.youtube.com/watch?v=ug1S0Yu0GbU&pp=ygUQM00gQ2xhdyB1bmJveGluZ9IHCQkDCgGHKiGM7w%3D%3D,RESCUED - From '3M Claw' search with relevant hanging context,3M Claw unboxing
