video_id,url,title,brand,views,upload_date,channel,duration_seconds,video_type,sentiment,sentiment_confidence,max_weight_lb,weight_range_lb,damage_free,removable,no_tools_required,heavy_duty,waterproof,permanent,indoor_outdoor,outdoor_rated,pain_points,benefits,use_cases,has_transcript
xUJ6VqeYfeU,https://www.youtube.com/watch?v=xUJ6VqeYfeU,Top 5 Picture Hanging Tips,Command,1006509,20190815,Coral Hoyt,,problem|tips,negative,0.9,3,3,,True,,,,,,,surface_damage:1,rental_friendly:2|easy_installation:1,picture_hanging:2|decoration:1|diy_projects:1|heavy_items:1,True
docWg4iJvBU,https://www.youtube.com/watch?v=docWg4iJvBU,How To Use Command Strips‚Äî Applying Picture Hanging Strips,Command,789117,20220818,Command,,tutorial,neutral,0.7,,,,,,,,,,,,strong_hold:1,picture_hanging:4|decoration:1,True
MXLYTvEB9M0,https://www.youtube.com/watch?v=MXLYTvEB9M0,How To Install A Command Hook-Hang Stuff On The Wall,Command,672878,20160404,Helpful DIY,,tutorial|problem,neutral,0.7,,,,,,,,,,,surface_damage:1,,picture_hanging:1|diy_projects:1|heavy_items:1,True
leLpogi2ytI,https://www.youtube.com/watch?v=leLpogi2ytI,Install Acoustic Foam Fast! Without damaging your wall!,Command,645280,20171114,Andrew Kan,,tutorial|tips,neutral,0.7,,,,,,,,,,,,time_saving:1|value_for_money:1,acoustic_treatment:3|heavy_items:1,True
PsjtpXSuBwo,https://www.youtube.com/watch?v=PsjtpXSuBwo,Will Acoustic Foam Soundproof a Room?,Command,596015,20210928,Soundproof Guide,,tutorial,neutral,0.7,,,,,,,,,,,price_too_high:1,,acoustic_treatment:3|picture_hanging:1|heavy_items:1,True
mY9QLFR6Ji8,https://www.youtube.com/watch?v=mY9QLFR6Ji8,Home Staging Tips: Using Command Strips to Hang Wall Art by Tori Toth,Command,516325,20141215,Home Staging TV,,tutorial|tips,neutral,0.7,,,,,,,,,,,,easy_installation:1|rental_friendly:1,picture_hanging:2|decoration:1|renter_friendly:1|acoustic_treatment:1,True
RXqcH1Cot6k,https://www.youtube.com/watch?v=RXqcH1Cot6k,How To Use The 3M Command Strips To Hang Pictures Planners Chalk Boards And More,Command,478420,20200129,Welding and stuff,,tutorial,neutral,0.7,16,16,,,,,,,,,,easy_installation:1|time_saving:1,picture_hanging:1|decoration:1,True
V_lfoIByA7g,https://www.youtube.com/watch?v=V_lfoIByA7g,"How to hang an IKEA pegboard without screws, using Command Strips",Command,388152,20190730,My Inspiration Corner,,tutorial|problem,neutral,0.7,,,,,,,,,,,,easy_installation:2|time_saving:1,diy_projects:2|picture_hanging:1|decoration:1|shelving:1|office:1|heavy_items:1,True
1nG4IVnVQdI,https://www.youtube.com/watch?v=1nG4IVnVQdI,3M Command‚Ñ¢ Picture Hanging Strips - How To Use,Command,289494,20170717,Hardware Specialist,,tutorial,neutral,0.7,,,,,,,,,,,surface_damage:2,easy_installation:2|time_saving:1,picture_hanging:2|decoration:1|shelving:1|heavy_items:1,True
-7969X2nffo,https://www.youtube.com/watch?v=-7969X2nffo,How to Use 3M Command Strips & hang Pictures on your walls without Damage (Instructions),Command,285309,20221224,Littleguy Big Reviews,,tutorial,neutral,0.7,,,,,,,,,,,,,picture_hanging:1|renter_friendly:1,True
f_2CGR_EopU,https://www.youtube.com/watch?v=f_2CGR_EopU,Hang Heavy Frames up to 9kg with Command‚Ñ¢ XL Picture Hanging Strips,Command,263046,20250415,3M UK & Ireland,,problem,negative,0.9,,,,,,,,,,,,strong_hold:1|easy_installation:1,picture_hanging:2|heavy_items:2,True
TYWZgfwzr9Y,https://www.youtube.com/watch?v=TYWZgfwzr9Y,Removing Command Strips without Stripping Paint,Command,221650,20221018,Lauren Clutter,,general,neutral,0.6,,,,,,,,,,,,,,True
hR1bKoU1b04,https://www.youtube.com/watch?v=hR1bKoU1b04,15+ BRILLIANT Home Hacks Using Command Hooks!,Command,216185,20210219,Brittany Vasseur,,tutorial|tips,neutral,0.7,,,True,,,,True,,,,,damage_free:1|easy_installation:1|professional_results:1,organization:3|decoration:2|kitchen:2|diy_projects:2|picture_hanging:1|shelving:1|bathroom:1|renter_friendly:1|heavy_items:1,True
1E_421pfNr4,https://www.youtube.com/watch?v=1E_421pfNr4,The Holy Grail of Wall Hooks! Why Damage Your Walls?,Command,147681,20211126,The Funny Carpenter,,tutorial|comparison,neutral,0.7,,,,,,,,,,,,value_for_money:1,picture_hanging:1|heavy_items:1,True
GLMYF90YFTk,https://www.youtube.com/watch?v=GLMYF90YFTk,HOW TO HANG CURTAINS WITH COMMAND HOOKS | hanging curtains with no drill-curtain hack,Command,145027,20221114,AllThings B,,tutorial|tips,neutral,0.7,,,,,True,,,,,,,rental_friendly:1,curtains:1|diy_projects:1,True
V1xFBYqS5uw,https://www.youtube.com/watch?v=V1xFBYqS5uw,How to remove a BROKEN Command Strip | Ed Tchoi,Command,143306,20190509,Ed Tchoi,,tutorial,neutral,0.7,,,,,,,,,,,durability_issues:3,,tv_mounting:2|picture_hanging:1|renter_friendly:1,True
STiJxtkNckI,https://www.youtube.com/watch?v=STiJxtkNckI,My first time using monkey hooks!  2019 | LIVING GRATEFULLY | HOW TO USE MONKEY HOOKS,Command,141370,20190923,Living Gratefully,,tutorial,neutral,0.7,50,35-50,,,,,,,,,,easy_installation:1,decoration:1|hooks:1,True
YLyCJppyXJ4,https://www.youtube.com/watch?v=YLyCJppyXJ4,How to Install a Command Hook - The OFFICIAL Method,Command,112452,20190704,Ed Tchoi,,tutorial,neutral,0.7,,,,,,,,,,,adhesion_failure:1|surface_damage:1,easy_installation:1|time_saving:1,picture_hanging:1,True
YEU7jh2szDQ,https://www.youtube.com/watch?v=YEU7jh2szDQ,Testing Command Picture Hangers - Do They Really Work?,Command,108860,20240804,Proper DIY,,tutorial|comparison,neutral,0.7,,,,,,,,,,,,easy_installation:2|versatile:1,picture_hanging:2|heavy_items:2|bathroom:1|diy_projects:1,True
uIxHEvSm2IU,https://www.youtube.com/watch?v=uIxHEvSm2IU,"‚òÖ‚òÖ‚òÖ‚òÖ‚òÖ ""Tin Foil Hack"" - Command Strip Trick: How to Hang Command Strips without them failing",Command,106317,20220206,Beau Reviews Awesomeness: Authentic Tests & Demos,,tutorial|review|problem|tips,neutral,0.7,,,,,,,,,,,,,picture_hanging:2|diy_projects:1,True
dzekfXx-NHA,https://www.youtube.com/watch?v=dzekfXx-NHA,How to Use Command Hooks | How to Remove Command Hooks | Ryman,Command,94086,20190319,Ryman Stationery,,tutorial,neutral,0.7,,,True,,,,,,,,,strong_hold:1|damage_free:1|easy_installation:1|versatile:1|time_saving:1,bathroom:1|kitchen:1,True
4TtFXgbbncU,https://www.youtube.com/watch?v=4TtFXgbbncU,How to use Command Picture Hanging Strips,Command,76550,20170314,Ryman Stationery,,tutorial,neutral,0.7,,,,,,,,,,,,time_saving:1,picture_hanging:1|renter_friendly:1,True
tCEQXnlwBMw,https://www.youtube.com/watch?v=tCEQXnlwBMw,DIY How to install 3M command hooks (super easy!) #3M #commandhooks #commandstrips,Command,74906,20220821,Super Simple Fixes,,tutorial,neutral,0.7,,,,,,,,,,,,easy_installation:2|professional_results:1,diy_projects:1,True
qEa_nByTsK0,https://www.youtube.com/watch?v=qEa_nByTsK0,3M Command Strips ‚Äì How to apply,Command,63147,20201223,Littleguy Big Reviews,,tutorial|review,neutral,0.7,,,True,,,,,,,,,damage_free:1|easy_installation:1|time_saving:1,picture_hanging:2|decoration:1|shelving:1|heavy_items:1,True
LlFDgYj65fk,https://www.youtube.com/watch?v=LlFDgYj65fk,"Hanging a Picture Without Hooks, Holes or Nails - Using 3M Command Strips on Concrete",Command,62440,20220425,Road to One Million,,tutorial|problem,neutral,0.7,,,,,,,,,,,,,picture_hanging:3|diy_projects:1,True
QLw_k3qsmj0,https://www.youtube.com/watch?v=QLw_k3qsmj0,Best IKEA Playroom Hacksüõ†Ô∏è‚ú®,Command,62284,20240727,Courtney Playroom Inspo,,tutorial|tips,neutral,0.7,,,,,,,,,,,,time_saving:1,picture_hanging:1|diy_projects:1,True
X3P2BtttNS8,https://www.youtube.com/watch?v=X3P2BtttNS8,Hanging Holiday Lights with Command Hooks. Command Decorating Clips [373],Command,55074,20211207,Jeff Reviews4u,,tutorial|review,neutral,0.7,,,,,,,,,,,surface_damage:1|durability_issues:1,strong_hold:1,decoration:3|picture_hanging:1,True
i_yu38Moi7Q,https://www.youtube.com/watch?v=i_yu38Moi7Q,3M Command Jumbo Utility Hook,Command,54843,20170517,KevCentral,,tutorial|problem,neutral,0.7,5,2-5,,,,,,,,,surface_damage:1,versatile:1,picture_hanging:1,True
f6S4sSKiQ8o,https://www.youtube.com/watch?v=f6S4sSKiQ8o,Organizing with Command Hooks | Genius Ideas!,Command,51766,20210325,The Crafty Organizer,,tutorial,neutral,0.7,,,,True,,,,,,,durability_issues:1,rental_friendly:1,picture_hanging:2|organization:2|decoration:1|kitchen:1|renter_friendly:1|diy_projects:1,True
WwNg3QAlTt0,https://www.youtube.com/watch?v=WwNg3QAlTt0,How to use 3M Command Hanging Strips‚Äã‚Å†‚Äã‚Å†‚Äã‚Å†‚Äã‚Å†@CommandANZ #homedecor #ad #diy #bunnings #shortsviral,Command,48885,20230522,The Organising Platform - Professional Organiser,,tutorial,neutral,0.7,,,,,,,,,,,,easy_installation:1,picture_hanging:1|decoration:1|diy_projects:1,True
X9v2gQS76PQ,https://www.youtube.com/watch?v=X9v2gQS76PQ,How to install 3M Command Wall Hook and Strips - Good for apartments,Command,47809,20150817,Greensky438,,tutorial,neutral,0.7,,,,,,,,,,,surface_damage:1,easy_installation:1|time_saving:1|rental_friendly:1,picture_hanging:1|organization:1|decoration:1|office:1|renter_friendly:1,True
HBryj3fht9k,https://www.youtube.com/watch?v=HBryj3fht9k,Gadget Organization Tips using 3M COMMAND STRIPS,Command,45549,20160203,David Zhang,,tutorial|problem|tips,neutral,0.7,,,,True,,,,,,,,rental_friendly:1,kitchen:2|picture_hanging:1|organization:1|diy_projects:1,True
UcjRnaIY370,https://www.youtube.com/watch?v=UcjRnaIY370,3M Command Strips 1 Year Later ‚Äì Do They Still Hold?,Command,40874,20221205,Littleguy Big Reviews,,general,neutral,0.6,,,,,,,,,,,surface_damage:1|durability_issues:1,,shelving:1|bathroom:1,True
FRNCcXooxlA,https://www.youtube.com/watch?v=FRNCcXooxlA,How to Install Monkey Hooks - An Alternative to 3M Command Strips,Command,40056,20210426,Road to One Million,,tutorial,neutral,0.7,,,,,,,,,,,surface_damage:1,easy_installation:1|versatile:1,picture_hanging:1|hooks:1|kitchen:1,True
TrnbGQhgbMc,https://www.youtube.com/watch?v=TrnbGQhgbMc,3M Command Strips 5 Reasons they wont Stick & Peel Paint off walls.How to Fix this,Command,37628,20230116,Littleguy Big Reviews,,tutorial,neutral,0.7,,,,,,,,,,,surface_damage:3,strong_hold:1|value_for_money:1,picture_hanging:1|shelving:1,True
jWLQADP5wfg,https://www.youtube.com/watch?v=jWLQADP5wfg,HOW TO HANG CURTAINS WITH THE NEW COMMAND CURTAIN HOOKS| NO HOLES OR TOOLS| APARTMENT FRIENDLY,Command,34988,20240909,Lia Lavon,,tutorial|review,neutral,0.7,,,True,,,,,,,,durability_issues:1,easy_installation:3|strong_hold:1|damage_free:1|time_saving:1|rental_friendly:1,renter_friendly:2|picture_hanging:1|curtains:1|heavy_items:1,True
cjCVR_j14XQ,https://www.youtube.com/watch?v=cjCVR_j14XQ,5 Reasons Your Command Strips Are Not Sticking To The Wall,Command,32527,20230623,Stephanie Booth Home,,tutorial|tips,neutral,0.7,,,,,,,,,,,,value_for_money:2,heavy_items:1,True
4RJu41zSWbY,https://www.youtube.com/watch?v=4RJu41zSWbY,Battle of the Wall Hangers! 3M Claw vs. 3M Command Strips vs. Basic Wall Anchors!,Command,27926,20210825,Revu2u,,comparison|problem,negative,0.9,,,,,,,,,,,,easy_installation:2,picture_hanging:2|decoration:1|renter_friendly:1|heavy_items:1,True
8o0kwEFSI6s,https://www.youtube.com/watch?v=8o0kwEFSI6s,How To Use Command Picture Hanging Strips-Easy Tutorial,Command,26250,20210624,Helpful DIY,,tutorial,neutral,0.7,,,,,,,,,,,surface_damage:1|price_too_high:1,easy_installation:1,picture_hanging:1|renter_friendly:1,True
2FuXFREKuLA,https://www.youtube.com/watch?v=2FuXFREKuLA,Command Strips: Picture Hanging Solution! #commandstrips #amazon #AmazonFinds #amazonhome #lifehacks,Command,24610,20230621,My Useful Products ,,tutorial|review|demo|tips,neutral,0.7,,,,,,,,,,,,easy_installation:1,picture_hanging:1|diy_projects:1,True
fxiu7gBwI2A,https://www.youtube.com/watch?v=fxiu7gBwI2A,Easy Picture Ledge No Screws No Nails! 3M Command Strips Only  #diy #3m #pictureledge,Command,23658,20231228,woodworkingchan,,tutorial|tips,neutral,0.7,,,,,True,,,,,,surface_damage:1|installation_difficulty:1,damage_free:1|easy_installation:1,picture_hanging:3|shelving:1|diy_projects:1,True
po0CoRCZIuY,https://www.youtube.com/watch?v=po0CoRCZIuY,3M Command Strips X-Large Heavy Duty Hooks ‚Äì Strong or Fail?,Command,22278,20230322,Littleguy Big Reviews,,problem,negative,0.9,,,,,,True,,,,,,strong_hold:2|versatile:1|rental_friendly:1,picture_hanging:1|organization:1|curtains:1|kitchen:1|heavy_items:1,True
TWRhvB8RRvQ,https://www.youtube.com/watch?v=TWRhvB8RRvQ,Does the Dollar Tree Version of a Command Hook Actually Work? | Dollar Tree Removable Hook,Command,20222,20200912,Life's A Project,,tutorial,neutral,0.7,,,,True,,,,,,,surface_damage:1|durability_issues:1,strong_hold:1|rental_friendly:1,picture_hanging:1|renter_friendly:1|diy_projects:1|heavy_items:1,True
E82Z4LulJ5U,https://www.youtube.com/watch?v=E82Z4LulJ5U,Command Hook Large,Command,14961,20230525,Reviews with Ty & Debbie,,review,positive,0.85,,,,,,,,,,,,,picture_hanging:1|organization:1,True
jDH_oJMGP_4,https://www.youtube.com/watch?v=jDH_oJMGP_4,15 lb Capacity Command Hooks #commandhooks #wallhook #commandstrips,Command,12635,20240920,BeatTheBush DIY,,comparison,mixed,0.8,15,15-15,,,,,,,,,,,,True
SPTwwbN2HDo,https://www.youtube.com/watch?v=SPTwwbN2HDo,"Command Strips Hooks for Lights | Indoor or Outdoor Use with 3M How to Install, Review & Removal",Command,11104,20221124,Caesar Critiques,,tutorial|review,neutral,0.7,,,,,,,,,,True,,professional_results:1,decoration:1,True
KMPy704-UgE,https://www.youtube.com/watch?v=KMPy704-UgE,"Command hooks and Picture hanging strips, used and reviewed.",Command,10586,20200813,The Stone Crafting Workshop,,tutorial|review|comparison,neutral,0.7,,,,,True,,,,,,surface_damage:2|temperature_sensitive:1,damage_free:1|easy_installation:1|rental_friendly:1,decoration:2|heavy_items:2|picture_hanging:1|renter_friendly:1|diy_projects:1,True
FbR1szrW6YE,https://www.youtube.com/watch?v=FbR1szrW6YE,How to use 3M Command Sticky Nails Photo Hanger / Universal Picture Hanger,Command,10463,20171024,Hardware Specialist,,tutorial,neutral,0.7,,,,,,,,,,,,strong_hold:1,picture_hanging:2,True
Tf60O7s_1hQ,https://www.youtube.com/watch?v=Tf60O7s_1hQ,Anyone else tired of wall hooks that keep damaging your walls? The Command damage-free hook uses adh,Command,9373,20230710,UGCpreneur Sara,,tutorial,neutral,0.7,,,,,,,,,,,surface_damage:1|durability_issues:1,strong_hold:2|easy_installation:1,decoration:1|bathroom:1,True
IJ5aea7G8Wc,https://www.youtube.com/watch?v=IJ5aea7G8Wc,3M Command Strips Mop & Broom Holder Review ‚Äì Worth It?,Command,8582,20220820,Littleguy Big Reviews,,review,positive,0.85,,,,,,,,,,,,strong_hold:1|time_saving:1|value_for_money:1,heavy_items:2|picture_hanging:1|shelving:1,True
V6EYRAUpWIQ,https://www.youtube.com/watch?v=V6EYRAUpWIQ,3M Command Strip Shower Caddy Review ‚Äì Does It Really Hold?,Command,7059,20230611,Littleguy Big Reviews,,tutorial|review,neutral,0.7,,,,,,,,,,,surface_damage:1,,bathroom:2|picture_hanging:1,True
MAJczST-ygg,https://www.youtube.com/watch?v=MAJczST-ygg,3M Command Hooks - Can They Hold Curtain Rods? #shorts,Command,6841,20230323,Littleguy Big Reviews,,review,mixed,0.75,,,,,,,,,,,,,curtains:1,True
OUB_KFvVEd0,https://www.youtube.com/watch?v=OUB_KFvVEd0,Introducing Scotch-Mount‚Ñ¢ Multipurpose Gel Tape (:30),Scotch,7804334,20250521,Scotch,,tutorial|tips,neutral,0.7,20,20,,True,,,,,,,,easy_installation:2|strong_hold:1|versatile:1|time_saving:1|rental_friendly:1,diy_projects:1,True
UbXy3c2oAfA,https://www.youtube.com/watch?v=UbXy3c2oAfA,Which Duct Tape Brand is the Best?  Let's find out!,Scotch,4851719,20180128,Project Farm,,comparison,mixed,0.8,,,,,,,,,,,durability_issues:1,time_saving:1,picture_hanging:1|renter_friendly:1|diy_projects:1,True
u5BBfK-P1XM,https://www.youtube.com/watch?v=u5BBfK-P1XM,3M Scotch¬Æ Extreme Double-Sided Mounting Tape‡∏û‡∏•‡∏±‡∏á‡∏Å‡∏≤‡∏£‡∏¢‡∏∂‡∏î‡∏ï‡∏¥‡∏î‡∏ó‡∏µ‡πà‡πÅ‡∏Ç‡πá‡∏á‡πÅ‡∏Å‡∏£‡πà‡∏á,Scotch,2813638,20250811,Scotch,,general,neutral,0.6,,,,,,,,,,,temperature_sensitive:1,,,True
2__lmMVYS6A,https://www.youtube.com/watch?v=2__lmMVYS6A,"Which Masking Tape is the Best?  Frog Tape ve Duck Pro, Stik Tek, 3M, Scotch, Dollar General",Scotch,1089538,20190930,Project Farm,,comparison,mixed,0.8,,,,,,,,,,,price_too_high:1|temperature_sensitive:1,value_for_money:2|professional_results:1,picture_hanging:1|renter_friendly:1|diy_projects:1,True
_sBVEPslwZY,https://www.youtube.com/watch?v=_sBVEPslwZY,Best Electrical Tape (Vinyl Tape)?  Lets find out!,Scotch,634604,20180528,Project Farm,,comparison,mixed,0.8,,,,,,,,,,,temperature_sensitive:2,professional_results:1,picture_hanging:1,True
KWbjd2I8fJQ,https://www.youtube.com/watch?v=KWbjd2I8fJQ,Scotch¬Æ Shipping Packaging Tape Dispenser ‚Äì Commercial Grade,Scotch,462707,20220413,Scotch Australia and New Zealand,,tutorial,neutral,0.7,,,,,,True,,,,,,,organization:1|heavy_items:1,True
i5aqYXTrqdc,https://www.youtube.com/watch?v=i5aqYXTrqdc,How To Change Scotch Shipping Tape (Packaging Dispenser),Scotch,201150,20200714,Jonathan Browne Menzies,,tutorial,neutral,0.7,,,,,,,,,,,surface_damage:1|installation_difficulty:1|price_too_high:1,professional_results:2|strong_hold:1|easy_installation:1,,True
YMXvXbIkNFU,https://www.youtube.com/watch?v=YMXvXbIkNFU,How to start a roll of Scotch¬Æ Double-Sided Tape,Scotch,189647,20220114,Scotch,,tutorial,neutral,0.7,,,,,,,,,,,,,picture_hanging:1,True
HwwvVfH_5qU,https://www.youtube.com/watch?v=HwwvVfH_5qU,"Mounting Tape Showdown: Gorilla V. Scotch - the strongest of the strongest, and the winner is....",Scotch,129896,20190212,Which is Better?,,tutorial,neutral,0.7,,,,,,,,,,,,strong_hold:1,renter_friendly:1,True
JTSZhp4PwqA,https://www.youtube.com/watch?v=JTSZhp4PwqA,3M Scotch¬Æ Extreme Double Sided Mounting Tape,Scotch,67419,20230923,Kaki DIY,,tutorial|review|comparison,neutral,0.7,,,,,,,,,,True,surface_damage:1,,diy_projects:2,True
u_0mhJhY8_M,https://www.youtube.com/watch?v=u_0mhJhY8_M,How To Use The Best Packing Tape Dispenser by Scotch Packaging Tape Review,Scotch,65715,20221216,Just A Dad Tips,,tutorial|review,neutral,0.7,,,,,,True,,,,,durability_issues:1,easy_installation:1,picture_hanging:1|heavy_items:1,True
U6fEGFssPHY,https://www.youtube.com/watch?v=U6fEGFssPHY,3M Scotch¬Æ Extreme Double Sided Mounting Tape,Scotch,64150,20240402,Kaki DIY,,tutorial|review|comparison,neutral,0.7,,,,,,,,,,,,,diy_projects:2|heavy_items:1,True
SnAyDm1ugGk,https://www.youtube.com/watch?v=SnAyDm1ugGk,How to Use : Scotch-Mount Extreme Double-Sided Mounting Tape,Scotch,55022,20220731,Tricks Tips Fix,,tutorial,neutral,0.7,,,,,,,,,,,,,,True
saQ7JV-5TL4,https://www.youtube.com/watch?v=saQ7JV-5TL4,Scotch Tape Packing Tape Dispenser Gun Review & How To Use It,Scotch,51817,20230502,Just A Dad Tips,,tutorial|review|problem,neutral,0.7,,,,,,True,,,,,durability_issues:1,value_for_money:1,renter_friendly:1|heavy_items:1,True
vmyhOPlnrUE,https://www.youtube.com/watch?v=vmyhOPlnrUE,Scotch Extreme Mounting Tape | The Home Team S2 E44,Scotch,42376,20160713,The Home Team,,general,neutral,0.6,,,,,,,,,,,,easy_installation:1,tv_mounting:1,True
CqAiWubhvgM,https://www.youtube.com/watch?v=CqAiWubhvgM,NEED TO HANG SOME HEAVY WALL ART? #SCOTCH MOUNTING TAPE IS WHERE ITS AT!,Scotch,40303,20201201,LaTori Aelisha,,tutorial|problem,neutral,0.7,,,,,,,,,,,,,picture_hanging:1|diy_projects:1|heavy_items:1,True
UklK8Qrodqw,https://www.youtube.com/watch?v=UklK8Qrodqw,Easy & Perfect 3M Double Sided Tape Mounting Hack | Quick Tip #3m #mountingtape #scotch #doubleside,Scotch,26096,20240602,Kaki DIY,,tutorial|tips,neutral,0.7,,,,,,,,,,,,easy_installation:3|strong_hold:1|versatile:1|time_saving:1,diy_projects:2|office:1,True
yk2erH1aRVk,https://www.youtube.com/watch?v=yk2erH1aRVk,3M Scotch¬Æ Double Sided Adhesive Roller Video Demo,Scotch,26084,20170218,Hardware Specialist,,demo,neutral,0.7,,,,,,,,,,,,easy_installation:1|time_saving:1,picture_hanging:2|diy_projects:2|office:1,True
w1kvBic5yvQ,https://www.youtube.com/watch?v=w1kvBic5yvQ,Difference Between 3M Super 88 & Super 33+ Electrical Tape Comparison,Scotch,19047,20230718,Just A Dad Tips,,tutorial|comparison|problem,neutral,0.7,,,,,,,,,,,durability_issues:1,value_for_money:1,renter_friendly:1,True
7TTMSrpPjxQ,https://www.youtube.com/watch?v=7TTMSrpPjxQ,Scotch Heavy Duty Packing Tape,Scotch,16613,20210920,The Internet Sorcerer,,tutorial|problem,neutral,0.7,,,,,,True,,,,,,value_for_money:1,picture_hanging:1|renter_friendly:1|heavy_items:1,True
bJK7QkLL3uc,https://www.youtube.com/watch?v=bJK7QkLL3uc,Scotch Packing Tape - Review,Scotch,14549,20211101,The Internet Sorcerer,,tutorial|review|problem,neutral,0.7,,,,,,,,,,,,value_for_money:1,renter_friendly:1,True
Nq_2ga1H5sk,https://www.youtube.com/watch?v=Nq_2ga1H5sk,Scotch Double Sided Tape Review,Scotch,13877,20230717,Nitty Gritty Product Reviews,,review,mixed,0.75,,,,,,,,True,,,durability_issues:1,strong_hold:1|easy_installation:1,diy_projects:1,True
rzcl7XKq_Mg,https://www.youtube.com/watch?v=rzcl7XKq_Mg,Scotch Double Sided Tape Review!,Scotch,13086,20230716,Odaddys,,tutorial|review|tips,neutral,0.7,,,,,,,,,,,,,diy_projects:2|picture_hanging:1,True
DBFhEoMVHsM,https://www.youtube.com/watch?v=DBFhEoMVHsM,Scotch Permanent Outdoor Mounting Tape Review for Mouting Acoustic Sound Foam! [4K],Scotch,11999,20171205,Jimmy a Geek,,tutorial|review,neutral,0.7,,,,,,,,True,,True,,easy_installation:1|value_for_money:1,acoustic_treatment:3,True
SBOV7Nyb3So,https://www.youtube.com/watch?v=SBOV7Nyb3So,Ultimate Painter's Tape SHOWDOWN: Find the Best Tape for Your Project,Scotch,11994,20240202,DIY Painting,,tutorial|comparison,neutral,0.7,,,,,,,,,,,surface_damage:1,professional_results:1|value_for_money:1,kitchen:2|diy_projects:2|picture_hanging:1|renter_friendly:1|heavy_items:1,True
noHOnO00p8Q,https://www.youtube.com/watch?v=noHOnO00p8Q,Scotch Magic Tape Review - Honest Review,Scotch,8798,20230705,Nitty Gritty Product Reviews,,tutorial|review,neutral,0.7,,,,True,,,,True,,,,,picture_hanging:1|office:1,True
XFnzQwmynAs,https://www.youtube.com/watch?v=XFnzQwmynAs,3M Scotch Heavy Duty Mounting Tape Unboxing in 4K UltraHD,Scotch,8337,20150221,IrixGuy's Adventure Channel,,tutorial|demo,neutral,0.7,,,,,,True,,True,,,,,heavy_items:2|picture_hanging:1,True
uvoU1e7CLzY,https://www.youtube.com/watch?v=uvoU1e7CLzY,Honest Review of this Scotch Shipping Tape Dispenser,Scotch,8117,20240707,Product Reviews with Lauren,,review|problem,mixed,0.75,,,,,,True,,,,,durability_issues:1,,heavy_items:1,True
6bL6lutWZls,https://www.youtube.com/watch?v=6bL6lutWZls,SCOTCH DOUBLE SIDED TAPE @ Dollar Tree #scotch #dollartree #dollartreehaul #namebrand,Scotch,8085,20240814,Find The Deals with Crystal,,general,neutral,0.6,,,,,,,,,,,,,picture_hanging:1,True
46oijES5arQ,https://www.youtube.com/watch?v=46oijES5arQ,Scotch Heavy Duty Tape Dispenser Review üõ†Ô∏è Best Packing Tape Tool for Heavy Boxes!,Scotch,6062,20250515,The Ancona Family,,tutorial|review|comparison,neutral,0.7,,,,,,True,,,,,,strong_hold:2|easy_installation:1|value_for_money:1,office:1|acoustic_treatment:1|heavy_items:1,True
ZPVViZqULWk,https://www.youtube.com/watch?v=ZPVViZqULWk,Scotch 3M VHB  Waterproof Double Sided Tape Review & Unboxing Sanka,Scotch,6019,20210903,Neal‚Äôs Reviews & Unboxings,,tutorial|review|demo,neutral,0.7,,,,,,True,True,,,,temperature_sensitive:1,,decoration:2|office:1|acoustic_treatment:1|heavy_items:1,True
ws12tLMRKCQ,https://www.youtube.com/watch?v=ws12tLMRKCQ,Scotch vs Amazon Basics Packing Tape Comparison,Scotch,5568,20221215,Just A Dad Tips,,tutorial|comparison|problem,neutral,0.7,,,,,,True,,,,,durability_issues:1,value_for_money:1,organization:1|renter_friendly:1|heavy_items:1,True
4MxBshW4gAo,https://www.youtube.com/watch?v=4MxBshW4gAo,Pro-Level Gift Wrapping with 3M Scotch Permanent Double-Sided Tape!,Scotch,5100,20241108,Enchanted Unboxing,,demo|tips,neutral,0.7,,,,,,,,True,,,,professional_results:2|easy_installation:1,decoration:1|diy_projects:1,True
GJuYkyqWbME,https://www.youtube.com/watch?v=GJuYkyqWbME,Scotch tape for watercolor. Will it work? #watercolour #watercolortips #watercolorhack #artsupplies,Scotch,4989,20220415,Rebel Unicorn Crafts,,tips,neutral,0.6,,,,True,,,,,,,,easy_installation:1|rental_friendly:1,picture_hanging:1|diy_projects:1,True
u_ukApEogxs,https://www.youtube.com/watch?v=u_ukApEogxs,Unboxing:Scotch double sided tape applicator,Scotch,3800,20201023,Agape Greeting Cards by Irene,,problem|demo|tips,neutral,0.7,,,,,,,,,,,installation_difficulty:1,,picture_hanging:1|diy_projects:1,True
DAYluUr0aDo,https://www.youtube.com/watch?v=DAYluUr0aDo,Scotch 3M - Double Sided Foam Tape,Scotch,3320,20180513,Product TALK,,review,mixed,0.75,,,,,,,,,,,,time_saving:2|easy_installation:1,office:1|acoustic_treatment:1,True
3f_wiipt0SE,https://www.youtube.com/watch?v=3f_wiipt0SE,Scotch Duct Tape vs Duck Tape,Scotch,3240,20130810,Janet Quach,,comparison,mixed,0.8,,,,,,,,,,,price_too_high:1,time_saving:1,office:1,True
1S6WkBR-eT8,https://www.youtube.com/watch?v=1S6WkBR-eT8,Duct Tape vs Gaffer Tape vs Cloth Tape,Scotch,2939,20241227,ION HowTo,,tutorial|comparison,neutral,0.7,,,,,,,,,,,surface_damage:1,strong_hold:1|easy_installation:1,tv_mounting:1,True
t4iUiHvMjRU,https://www.youtube.com/watch?v=t4iUiHvMjRU,Scotch Mount Clear Double Sided Mounting Tape 410H MED Review,Scotch,2858,20240628,WRv,,review,mixed,0.75,,,,,,,,,,,,,,True
G2bcsKJ2Ohs,https://www.youtube.com/watch?v=G2bcsKJ2Ohs,Transform Your Packaging Game with Scotch Heavy Duty Tape,Scotch,2742,20240322,Rock City Reviews & Tips,,tutorial|review|tips,neutral,0.7,,,,,,True,,,,,,strong_hold:1|professional_results:1,picture_hanging:1|shelving:1|heavy_items:1,True
xsm6fWCDoLs,https://www.youtube.com/watch?v=xsm6fWCDoLs,"REVIEW: Scotch-Mount Indoor Double-Sided Mounting White Tape,  3M Industrial Strength Adhesive",Scotch,2563,20241019,Know NOW,,review,positive,0.85,,,,,,,,,,,durability_issues:1,,,True
5ER_2YeE1Rc,https://www.youtube.com/watch?v=5ER_2YeE1Rc,"üåµ 10 Best Mounting Putties (Faber-Castell, Gorilla, and More)",Scotch,2238,20220904,Lemongrass US,,general,positive,0.7,,,,True,,,,,,,surface_damage:1,rental_friendly:1,picture_hanging:3|decoration:2|heavy_items:1,True
Id1D6-wiO_Y,https://www.youtube.com/watch?v=Id1D6-wiO_Y,Frog Tape vs Scotch Delicate tape | Tape and caulk for straight Paint lines,Scotch,1680,20220830,BryanBuilt,,tutorial|comparison|tips,neutral,0.7,,,,,,,,,,,price_too_high:1,professional_results:1|value_for_money:1,picture_hanging:1|tv_mounting:1,True
dnNMh2-YK7k,https://www.youtube.com/watch?v=dnNMh2-YK7k,Full review of Scotch wall safe tape,Scotch,1501,20240316,Nino,,review,mixed,0.75,,,,,,,,,,,,,heavy_items:1,True
847dh87hrxY,https://www.youtube.com/watch?v=847dh87hrxY,Scotch Double Sided Tape,Scotch,1406,20240103,sara's favorite things,,general,positive,0.7,,,,,,,,True,,,durability_issues:1,,renter_friendly:1|diy_projects:1,True
zfJ_WS6zajc,https://www.youtube.com/watch?v=zfJ_WS6zajc,3M Scotch Extremely Strong Double Sided Mounting Tape,Scotch,1019,20241120,Hardware Specialist,,general,positive,0.7,,,,,,,,,,,,strong_hold:1,picture_hanging:1|heavy_items:1,True
7uxHoi0Whus,https://www.youtube.com/watch?v=7uxHoi0Whus,"3M Scotch Extreme Double Sided Tape, 1m Holds 6.7kg, Works on Uneven Surfaces ll #fyp„Ç∑ #fyp",Scotch,1016,20230605,style,,general,neutral,0.6,,,,,,,,,,True,,,,True
0nWnGzXlEiY,https://www.youtube.com/watch?v=0nWnGzXlEiY,üè† Home Improvement Helper: REVIEW 3M Scotch-Mount Indoor Mounting Tape,Scotch,946,20231025,PaperbagReview,,tutorial|review|problem,neutral,0.7,,,,,,,,,,,durability_issues:1,,diy_projects:2,True
s1K8a9Tk1pI,https://www.youtube.com/watch?v=s1K8a9Tk1pI,Painters Scotch blue tape versus green frogtape - part two,Scotch,757,20241227,Benny Goldstein,,comparison,mixed,0.8,,,,,,,,,,,,,picture_hanging:1,True
1_FNhtMrFOs,https://www.youtube.com/watch?v=1_FNhtMrFOs,"Scotch Box Lock Packing Tape, Clear, Extreme Grip Moving Tape, 1.88 in x 1000 in Review",Scotch,744,20240806,Christy's Critiques,,review|comparison,positive,0.85,,,,,,,,,,,,value_for_money:1,,True
YYtWVHFgBQQ,https://www.youtube.com/watch?v=YYtWVHFgBQQ,Scotch¬Æ Double-Sided Mounting Tape Projects - Home & Office Store Packaging,Scotch,722,20220422,Scotch,,general,positive,0.7,,,,,,,,,,,durability_issues:3,strong_hold:1,picture_hanging:1|decoration:1|office:1|diy_projects:1,True
Bv6rOD_O280,https://www.youtube.com/watch?v=Bv6rOD_O280,Scotch Heavy Duty Shipping Packaging Tape with Dispenser,Scotch,710,20230910,Olga Von Light,,tutorial|review,neutral,0.7,,,,,,True,,,,,,,tv_mounting:1|diy_projects:1|heavy_items:1,True
AGhkgwLopMk,https://www.youtube.com/watch?v=AGhkgwLopMk,Scotch Rough Surface Painter's Tape Review,Scotch,708,20211220,Reviews Unscripted,,tutorial|review|problem,neutral,0.7,,,True,,,,,,,,surface_damage:2,damage_free:2|strong_hold:1|value_for_money:1,renter_friendly:1,True
QlFtbcJWZ9I,https://www.youtube.com/watch?v=QlFtbcJWZ9I,Unleashing the Power of Scotch Vinyl 700 Electrical Tape: 3 Must-See Features!,Scotch,692,20241008,Review Sensei,,general,positive,0.7,,,,,,,,,,,,,diy_projects:2,True
g9mo0SeTuXA,https://www.youtube.com/watch?v=g9mo0SeTuXA,"Unboxing Scotch Tough Duct Tape, No Residue, 1 88 Inch by 25 Yard",Scotch,684,20170626,Robert Le,,problem|demo,neutral,0.7,,,,,,,,,,,surface_damage:3,,tv_mounting:1,True
sSUtjpY9gaE,https://www.youtube.com/watch?v=sSUtjpY9gaE,Picture Hanging Hack ‚Äì Hanging Pictures Level,3M Claw,8394682,20231211,3M,,tips,neutral,0.6,65,65,,,True,,,,,,,easy_installation:2|strong_hold:1|versatile:1,picture_hanging:1|diy_projects:1,True
hDxebMTfAo8,https://www.youtube.com/watch?v=hDxebMTfAo8,3M‚Ñ¢ CLAW Drywall Picture Hanger Video 45 seconds,3M Claw,3581255,20201009,3M,,general,neutral,0.6,45,45,,,,,,,,,,strong_hold:1|versatile:1,picture_hanging:1|diy_projects:1|heavy_items:1,True
WFAOxhKARvA,https://www.youtube.com/watch?v=WFAOxhKARvA,The Easiest and Fastest Way to Hang Heavy Things,3M Claw,3029323,20230923,LRN2DIY,,comparison|tips,mixed,0.8,,,,,True,,,,,,installation_difficulty:1,easy_installation:1|time_saving:1,heavy_items:3|picture_hanging:2,True
E66puf77Lbk,https://www.youtube.com/watch?v=E66puf77Lbk,The END Of Drywall Anchors?! Fastest And Easiest Way To Hang Heavy Items! LETS TEST IT! How To DIY,3M Claw,843290,20240128,Fix This House,,tutorial|comparison,neutral,0.7,65,15-65,,,,,,,,,durability_issues:1,time_saving:2|easy_installation:1|professional_results:1,heavy_items:3|picture_hanging:1|diy_projects:1,True
_6n7sBQbuTQ,https://www.youtube.com/watch?v=_6n7sBQbuTQ,3M CLAW‚Ñ¢ Plasterboard and Drywall Picture Hanger - Strength and Ease English Video,3M Claw,694822,20230511,3M UK & Ireland,,general,neutral,0.6,,,,,,,,,,,,strong_hold:1|versatile:1,picture_hanging:1|heavy_items:1,True
Zpxcu25aevA,https://www.youtube.com/watch?v=Zpxcu25aevA,The Best Drywall Anchor Plug Inserts // Tested,3M Claw,417395,20220917,Tools That Build,,tutorial|comparison|demo,neutral,0.7,,,,,,,,,,,,strong_hold:1|value_for_money:1,tv_mounting:2|picture_hanging:1|shelving:1,True
uYZA2PFk9yE,https://www.youtube.com/watch?v=uYZA2PFk9yE,This could be the best picture hanging system ever! 3M Claw,3M Claw,322808,20230709,Proper DIY,,tutorial,neutral,0.7,4,1-4,,,,,,,,,surface_damage:1,easy_installation:2|strong_hold:1|versatile:1|time_saving:1,picture_hanging:2|heavy_items:2|shelving:1|diy_projects:1,True
3Ii0UGiRqO0,https://www.youtube.com/watch?v=3Ii0UGiRqO0,3M Wallclaw,3M Claw,303406,20220923,Go Build Stuff,,general,neutral,0.6,,,,,,,,,,,,,,True
m3Zl0hbkOfU,https://www.youtube.com/watch?v=m3Zl0hbkOfU,Hang Heavy Items on Drywall - Without Drilling Large Holes!,3M Claw,247348,20230101,Reluctant DIYers,,tutorial,neutral,0.7,65,15-65,,,,,,,,,surface_damage:2,professional_results:1,picture_hanging:2|heavy_items:2|mirror:1|diy_projects:1,True
tEWIVzV78WI,https://www.youtube.com/watch?v=tEWIVzV78WI,I Ditched Basic Anchors ‚Äî Here's Why,3M Claw,181916,20240310,Fix This Build That,,comparison,mixed,0.8,,,,,,,,,,,adhesion_failure:1,,picture_hanging:2|heavy_items:1,True
2EUbx6HB9eU,https://www.youtube.com/watch?v=2EUbx6HB9eU,Hang¬†Pictures¬†And¬†Artwork¬†Without¬†Nails¬†#homehacks #picturehanging #hottohangartwork,3M Claw,153263,20241020,Stephanie Booth Home,,tips,positive,0.7,,,,,,,,,,,weight_limitations:1,strong_hold:1|rental_friendly:1,picture_hanging:2|diy_projects:2|renter_friendly:1|heavy_items:1,True
kulMYLbGcgE,https://www.youtube.com/watch?v=kulMYLbGcgE,Every Drywall Anchor from The Home Depot Tested - You will be SHOCKED at how some of these did,3M Claw,144473,20211117,Tool Review Zone,,review|comparison,mixed,0.75,,,,,,,,,,,durability_issues:1,easy_installation:1,picture_hanging:1|hooks:1,True
DCbDhkbB1xQ,https://www.youtube.com/watch?v=DCbDhkbB1xQ,3M Claw Drywall Picture Hangers Are the Smartest Way to Hang Pictures,3M Claw,100626,20240904,Justin Reviews,,tutorial|comparison,neutral,0.7,,,,,,,,,,,,,picture_hanging:2|diy_projects:1,True
jT07Bwi-Bis,https://www.youtube.com/watch?v=jT07Bwi-Bis,3M CLAW‚Ñ¢ Heavy Weight Hanging Solution with Kiva,3M Claw,99794,20240530,3M,,general,neutral,0.6,,,,,True,,,,,,,easy_installation:1,heavy_items:2|picture_hanging:1|mirror:1,True
iZnXYuNieuc,https://www.youtube.com/watch?v=iZnXYuNieuc,3M Claw vs. Drywall Anchor - Hanging Heavy Items on Drywall,3M Claw,90232,20230115,Reluctant DIYers,,tutorial|comparison,neutral,0.7,75,15-75,,,,,,,,,,easy_installation:1|value_for_money:1,heavy_items:3|picture_hanging:2|mirror:1,True
4M_hC9UIjcs,https://www.youtube.com/watch?v=4M_hC9UIjcs,Installing 3M Claw drywall picture hanger #diy #shorts,3M Claw,73047,20241207,Man VS Housework,,tutorial,neutral,0.7,,,,,,,,,,,price_too_high:1,easy_installation:1,picture_hanging:1|diy_projects:1,True
sMUl3UEXfPk,https://www.youtube.com/watch?v=sMUl3UEXfPk,How to Hang Heavy Stuff on JUST DRYWALL!,3M Claw,70524,20240511,Welcome to the Woods,,tutorial,neutral,0.7,,,,,True,,,,,,,easy_installation:2,picture_hanging:2|heavy_items:2|decoration:1|mirror:1,True
xKfM10_83DA,https://www.youtube.com/watch?v=xKfM10_83DA,Easy DIY wall hangers // 3M CLAW‚Ñ¢ Drywall Picture Hanger,3M Claw,69612,20240521,DIY Creators,,tutorial|demo,neutral,0.7,,,,,,,,,,,,easy_installation:2|strong_hold:1|time_saving:1,picture_hanging:3|decoration:1|mirror:1|renter_friendly:1|diy_projects:1|heavy_items:1,True
4hZt9IeAIys,https://www.youtube.com/watch?v=4hZt9IeAIys,3M CLAW Drywall Picture Hangers (3 Pack),3M Claw,64406,20220211,limubearproductions,,tutorial,neutral,0.7,,,,,True,,,,,,durability_issues:1,easy_installation:2|strong_hold:1,picture_hanging:2,True
9r8SWWZz8Gg,https://www.youtube.com/watch?v=9r8SWWZz8Gg,#ad Hanging our 60lb antique mirror with ease using 3M CLAW‚Ñ¢ Drywall Picture Hanger NO tools  needed,3M Claw,52213,20250518,"XO, MaCenna",,tutorial,neutral,0.7,60,60,,,True,,,,,,,strong_hold:1|easy_installation:1,picture_hanging:1|decoration:1|mirror:1,True
iFK2GMzjGy0,https://www.youtube.com/watch?v=iFK2GMzjGy0,The Worlds Strongest Picture Hangers for Drywall????,3M Claw,50755,20210310,Revu2u,,general,positive,0.7,,,,,,,,,,,,strong_hold:1|easy_installation:1,picture_hanging:2|diy_projects:1,True
zBM3943UPSE,https://www.youtube.com/watch?v=zBM3943UPSE,3M Claw Spot Marker - Does it Work?,3M Claw,30878,20240402,Reluctant DIYers,,general,neutral,0.6,,,,,,,,,,,surface_damage:1,,diy_projects:2|picture_hanging:1|mirror:1|heavy_items:1,True
B6qphqiFMyU,https://www.youtube.com/watch?v=B6qphqiFMyU,3M CLAW‚Ñ¢ Heavy Weight Hanging Solution,3M Claw,21204,20240524,3M,,general,neutral,0.6,,,,,,,,,,,,,heavy_items:2|picture_hanging:1|mirror:1,True
H_kFRPu21sI,https://www.youtube.com/watch?v=H_kFRPu21sI,Best Drywall Anchors with Minimal Damage! (New Information),3M Claw,17533,20241016,VCG Construction,,tutorial|comparison,neutral,0.7,20,20,,,,,,,,,surface_damage:1|price_too_high:1,time_saving:1|professional_results:1|value_for_money:1,picture_hanging:2|decoration:1|shelving:1|hooks:1|diy_projects:1|heavy_items:1,True
qUIDQEkCQqk,https://www.youtube.com/watch?v=qUIDQEkCQqk,The Easiest Way to Hang Heavy Things!,3M Claw,15151,20240508,MrFixItDIY,,tutorial|comparison,neutral,0.7,,,,,True,,,,,,surface_damage:1,easy_installation:1|time_saving:1|rental_friendly:1,heavy_items:3|picture_hanging:1|decoration:1|diy_projects:1,True
PSbcjSwnodo,https://www.youtube.com/watch?v=PSbcjSwnodo,#ad the 3M‚Ñ¢ CLAW‚Ñ¢ Drywall Picture Hangers from @3MCorporate since it makes decorating much easier!,3M Claw,14746,20250522,Loi Doan ,,general,neutral,0.6,,,,,,,,,,,,,picture_hanging:1|decoration:1,True
LoNGiq25ddI,https://www.youtube.com/watch?v=LoNGiq25ddI,Can the 3M Claw Hold Heavy Items on Drywall?,3M Claw,14729,20240330,Reluctant DIYers,,general,neutral,0.6,,,,,,,,,,,surface_damage:1,,diy_projects:2|heavy_items:2,True
v8jGGEntxCo,https://www.youtube.com/watch?v=v8jGGEntxCo,Top 6 Drywall Anchors Put to the TEST Can They Hold Heavy Objects,3M Claw,13508,20250226,Is It Worth It,,comparison|problem,negative,0.9,143,50-143,,,,,,,,,price_too_high:1,easy_installation:1|time_saving:1,decoration:2|heavy_items:2|shelving:1|tv_mounting:1|diy_projects:1,True
p1HXJCNiY60,https://www.youtube.com/watch?v=p1HXJCNiY60,The easiest way to hang things up!!! Love 3m Claw so much!!! #homedecor #homediy #eclectic,3M Claw,10939,20231025,Mallory on the Moon,,general,positive,0.7,,,,,,,,,,,,,decoration:1|diy_projects:1|heavy_items:1,True
44xh9C1P-3I,https://www.youtube.com/watch?v=44xh9C1P-3I,Hanging Pictures Made Easy with the 3M Claw #diy #diytools #tools #homedecoration,3M Claw,10820,20250726,Tough Guys DIY,,general,neutral,0.6,,,,,,,,,,,,easy_installation:1,decoration:2|picture_hanging:1|diy_projects:1,True
0lO8iZHUel4,https://www.youtube.com/watch?v=0lO8iZHUel4,Strength Testing The Best Drywall Anchors,3M Claw,9452,20250219,Home Rapid Repair ,,tutorial|comparison,positive,0.8,40,40,,,,,,,,,adhesion_failure:1,strong_hold:1|time_saving:1|value_for_money:1,picture_hanging:1|mirror:1|bathroom:1|heavy_items:1,True
Lx2H-vEmxDY,https://www.youtube.com/watch?v=Lx2H-vEmxDY,Tim Cruise LOVES The 3M CLAW,3M Claw,8351,20201219,Such Fun Gifts,,general,positive,0.7,45,45,,,,,,,,,,,,True
kdWg_AC5RN4,https://www.youtube.com/watch?v=kdWg_AC5RN4,Stripped Drywall Anchor? I Tested 2 Fixes‚Ä¶The Winner SHOCKED Me!,3M Claw,6868,20250302,Is It Worth It,,tutorial|comparison|problem,mixed,0.7,,,,,,,,,,,surface_damage:5|durability_issues:5|weight_limitations:1|temperature_sensitive:1,strong_hold:1|time_saving:1,picture_hanging:2|heavy_items:1,True
EnIJh6WcjTE,https://www.youtube.com/watch?v=EnIJh6WcjTE,How to Use Claw Drywall Hangers | 3M Claw DIY Tutorial,3M Claw,5903,20250430,HomeServe,,tutorial,neutral,0.7,,,,,,,,,,,,easy_installation:2|time_saving:1,picture_hanging:3|heavy_items:2|mirror:1|diy_projects:1,True
rXCD67bZBy4,https://www.youtube.com/watch?v=rXCD67bZBy4,3m Claw drywall anchors useless,3M Claw,4636,20240927,3 Point Films,,tutorial,neutral,0.7,,,,,,,,,,,,,picture_hanging:1,True
3TN-BebizVE,https://www.youtube.com/watch?v=3TN-BebizVE,How To Install The Wall Claw Drywall Anchors. Game Changer? (Detailed Directions and Review),3M Claw,4486,20220401,Review Board,,tutorial|review|comparison,neutral,0.7,,,,True,,,,,,,,easy_installation:2|time_saving:2|strong_hold:1|rental_friendly:1,tv_mounting:1|diy_projects:1|heavy_items:1,True
AsNxaTmn_4k,https://www.youtube.com/watch?v=AsNxaTmn_4k,365 Days of DIY - The Hangman Bear Claw Really Grabs Ya,3M Claw,2856,20170920,DIYHIPChicks,,tutorial,neutral,0.7,,,,,,,,,,,,strong_hold:1|easy_installation:1|versatile:1,diy_projects:1|heavy_items:1,True
fdclF_hOUHk,https://www.youtube.com/watch?v=fdclF_hOUHk,Best Way To Hang Heavy Things on Drywall. 3M Drywall Anchor Review.,3M Claw,2162,20230518,Try This DIY,,tutorial|review|comparison|problem,neutral,0.7,,,,,,,,,,,,easy_installation:3|time_saving:1|value_for_money:1,diy_projects:2|heavy_items:2|picture_hanging:1,True
EpjMsEEcYW0,https://www.youtube.com/watch?v=EpjMsEEcYW0,Hang Anything Heavy FAST! (Really Strong Hooks!),3M Claw,2084,20240929,The Home Improvement Channel,,comparison|tips,mixed,0.8,65,65,,,,,,,,,,easy_installation:2|strong_hold:1|time_saving:1,heavy_items:2|picture_hanging:1|organization:1|shelving:1|mirror:1|diy_projects:1,True
6NjGAFBBT0E,https://www.youtube.com/watch?v=6NjGAFBBT0E,Wall Claw Drywall Anchors,3M Claw,1876,20250302,Mountaineer Outdoors,,tutorial,neutral,0.7,,,,,,,,,,,durability_issues:1,strong_hold:1|versatile:1|time_saving:1,picture_hanging:1|diy_projects:1|heavy_items:1,True
4Ty9KMMc7Jc,https://www.youtube.com/watch?v=4Ty9KMMc7Jc,#diy the easiest hack to hanging artwork or mirrors. and the spot marker is actu,3M Claw,1693,20230729,Cody Test,,tips,positive,0.7,,,,,,,,,,,,,picture_hanging:2|diy_projects:2|decoration:1|mirror:1,True
3Ugypvy6PMs,https://www.youtube.com/watch?v=3Ugypvy6PMs,"Drywall Anchors, How to Hang Heavy Pictures and Mirrors",3M Claw,1167,20230219,Nathan E.,,tutorial|comparison|problem,neutral,0.7,30,30,,,,,,,,,,easy_installation:1,heavy_items:3|picture_hanging:1|mirror:1|hooks:1|diy_projects:1,True
gE_S9LeqpaQ,https://www.youtube.com/watch?v=gE_S9LeqpaQ,"3M CLAW Drywall Picture Hanger with Temporary Spot Marker, Holds 15 lbs, 6 Hangers, 6 Markers/Pack",3M Claw,734,20220831,Happy Shop,,general,neutral,0.6,15,15-15,,,True,,,,,,,easy_installation:1|versatile:1|rental_friendly:1,picture_hanging:2|heavy_items:2|decoration:1|mirror:1,True
yJEo7OV9NwI,https://www.youtube.com/watch?v=yJEo7OV9NwI,"3M Claw Drywall Picture Hangers, 8 Hangers Amazon Review",3M Claw,134,20230511,Hey Delphi,,tutorial|review,neutral,0.7,,,,,,,,,,,,,picture_hanging:1,True
9osBL0LDnsU,https://www.youtube.com/watch?v=9osBL0LDnsU,"Best way to hang a picture? 3M CLAW 15, 25 and 45 lb. Drywall Picture Hanger Variety Pack",3M Claw,92,20240810,The Review Crew,,general,positive,0.7,45,45,,,,,,,,,,,picture_hanging:1,True
yBLylXf7ijs,https://www.youtube.com/watch?v=yBLylXf7ijs,The Top 5 Best Claw Hangers in 2025 - Must Watch Before Buying!,3M Claw,24,20250314,Top 5 Best Picks,,general,positive,0.7,,,,,,,,,,,installation_difficulty:1,versatile:3|strong_hold:2|easy_installation:1|value_for_money:1,picture_hanging:2|decoration:2|shelving:1|mirror:1|office:1|heavy_items:1,True
msiaV0Vnwms,https://www.youtube.com/watch?v=msiaV0Vnwms,"1500lbs Claw Hook 25inch Steel Log Lifting Tongs,Heavy Duty Grapple Timber Claw,Forestry Pliers Tree",3M Claw,1,20251023,LUAMFUNDSUNFA,,review,mixed,0.75,,,,,,True,,,,,,,picture_hanging:1|heavy_items:1,True
SN3ojo_NjQI,https://www.youtube.com/watch?v=SN3ojo_NjQI,How to Hang a Heavy Mirror on Drywall!,3M Claw,227108,20230212,Reluctant DIYers,,tutorial,neutral,0.7,,,,,,,,,,,installation_difficulty:1,,picture_hanging:1|mirror:1|diy_projects:1|heavy_items:1,True
15OvpxJJU3s,https://www.youtube.com/watch?v=15OvpxJJU3s,How To Use A Plastic Disgorger To Unhook Fish - Snelled Fish Hook Remover Tool 2 in 1 [4K],3M Claw,176698,20210426,Fishmadpro,,tutorial,neutral,0.7,,,,,,,True,,,,,,,True
P8eblEGN7go,https://www.youtube.com/watch?v=P8eblEGN7go,How Much Can a Drywall Anchor Actually Hold?,3M Claw,138046,20230609,Vancouver Carpenter,,general,neutral,0.6,,,,,,,,,,,installation_difficulty:1,,heavy_items:2|picture_hanging:1,True
o0EQAi8Z5pA,https://www.youtube.com/watch?v=o0EQAi8Z5pA,Seamless wall hook nail hang photo hangers brick DIY install how #shorts #shortsvideo #viral #hook,3M Claw,111875,20240719,Watch Designing,,tutorial,neutral,0.7,,,,,,,,,,,,strong_hold:1|easy_installation:1|time_saving:1,picture_hanging:1|diy_projects:1,True
utmHFPZl_zU,https://www.youtube.com/watch?v=utmHFPZl_zU,Best Way To Rig Your Lure Weedless: Weed Guards vs. Weedless Hooks,3M Claw,64767,20201221,Salt Strong,,comparison|tips,mixed,0.8,,,,,,,,,,,,,picture_hanging:1,True
qmgB0_PDfGI,https://www.youtube.com/watch?v=qmgB0_PDfGI,How to use a snell hook holder,3M Claw,22429,20200212,Diaries of a Lady Angler,,tutorial,neutral,0.7,,,,,,,,,,,,,picture_hanging:1,True
KexjqfkOn0Y,https://www.youtube.com/watch?v=KexjqfkOn0Y,Can You Hammer the 3M Claw Into the Wall?,3M Claw,16150,20230711,Reluctant DIYers,,general,neutral,0.6,,,,,,,,,,,,,,True
fnaVV9O0RHo,https://www.youtube.com/watch?v=fnaVV9O0RHo,10 Quick Winch Claw Tips!,3M Claw,5887,20250127,Moggyplays,,tips,positive,0.7,,,,,,,,,,,,easy_installation:1|time_saving:1|value_for_money:1,picture_hanging:1|heavy_items:1,True
gfULFCQmkOY,https://www.youtube.com/watch?v=gfULFCQmkOY,"üñºÔ∏è 3M CLAW 15, 25 and 45 lb. Drywall Picture Hanger | Best 3M Claw Drywall Picture Hangers üñºÔ∏è",3M Claw,211,20240904,The Product Critiques,,tutorial|review,neutral,0.7,45,45-45,,,,,,,,,,strong_hold:1|value_for_money:1,picture_hanging:3|decoration:1,True
7ZEk5YH2PFo,https://www.youtube.com/watch?v=7ZEk5YH2PFo,How To Use Command Strips - Ace Hardware,Command,475828,20190430,Ace Hardware,,tutorial,neutral,0.7,,,,,,,,,,,,rental_friendly:1,picture_hanging:1,True
pPTjPvYZlFY,https://www.youtube.com/watch?v=pPTjPvYZlFY,3M Command Cord Clips 17017CLR Review,Command,79647,20140520,Reviews By Tiger,,tutorial|review,neutral,0.7,,,True,,,,,,,,installation_difficulty:1,strong_hold:1|damage_free:1|easy_installation:1,picture_hanging:1,True
-UmORPvchf8,https://www.youtube.com/watch?v=-UmORPvchf8,Quick & Easy Wall hooks using Command Hooks! Didn‚Äôt know these really worked!,Command,70708,20230625,Terae Boutard,,tutorial|tips,neutral,0.7,,,True,,,,,,,,,easy_installation:2|damage_free:1|time_saving:1,diy_projects:1,True
krflOpx_H7M,https://www.youtube.com/watch?v=krflOpx_H7M,90 Second How-to & Review: 3M - Command Brand Damage Free Hanging - Clear Plastic Hooks,Command,8809,20150310,Banammer,,tutorial|review,neutral,0.7,,,True,,,,,,,,,damage_free:1|easy_installation:1|time_saving:1,renter_friendly:1,True
PWFP6Wjw7qo,https://www.youtube.com/watch?v=PWFP6Wjw7qo,How to Hang a Frame without Nails! - Command Strip Review and Demo,Command,5641,20241113,Allyson l Allergy Free Health Coach,,tutorial|review|demo,neutral,0.7,15,15,,,,,,,,,,,picture_hanging:1|diy_projects:1,True
e1l0MtJQMCo,https://www.youtube.com/watch?v=e1l0MtJQMCo,Command 20 Lb XL Heavyweight Picture Hanging Strips Review?,Command,4447,20250104,The Buddys Reviews,,tutorial|review,neutral,0.7,20,20-20,,,,,,,,,,rental_friendly:1,picture_hanging:2|heavy_items:2|renter_friendly:1,True
F1KWzgSb57c,https://www.youtube.com/watch?v=F1KWzgSb57c,Best 3M Command Adhesive (and other Sticky) Products for your RV or Trailer ‚Äî Trailer Organization!,Command,2918,20220613,Journeyman,,tutorial,neutral,0.7,,,,,,,,,,,durability_issues:1,strong_hold:1|easy_installation:1,picture_hanging:1|organization:1|tv_mounting:1,True
jVQtxLEnpmM,https://www.youtube.com/watch?v=jVQtxLEnpmM,Best Adhesive For Hanging Mirrors 2022 | You Check On Amazon Today,Command,553,20220127,Glass Beast,,general,positive,0.7,,,,,,,,,,,surface_damage:1,strong_hold:1|easy_installation:1|time_saving:1|value_for_money:1,picture_hanging:3|decoration:1|mirror:1|bathroom:1|office:1|acoustic_treatment:1,True
mDmy7WG8NCs,https://www.youtube.com/watch?v=mDmy7WG8NCs,3M Strips for Hanging Wall Art--Product Review,Command,31,20210310,Gate City Design,,review|demo|tips,neutral,0.7,,,,,,,,,,,,,picture_hanging:2|decoration:1|heavy_items:1,True
AxktFi2jf_E,https://www.youtube.com/watch?v=AxktFi2jf_E,The Top 5 Best Wall Hanger in 2025 - Must Watch Before Buying!,Command,30,20250218,Top Best Picks,,general,positive,0.7,15,15,,,,,,,,True,surface_damage:1,strong_hold:2|easy_installation:2|versatile:2|time_saving:1,picture_hanging:2|decoration:2|heavy_items:2|office:1|renter_friendly:1|diy_projects:1,True
EqsXLBBBbQg,https://www.youtube.com/watch?v=EqsXLBBBbQg,3M Scotch¬Æ Extreme Double-Sided Mounting Tape ‡∏û‡∏•‡∏±‡∏á‡∏Å‡∏≤‡∏£‡∏¢‡∏∂‡∏î‡∏ï‡∏¥‡∏î‡∏ó‡∏µ‡πà‡πÅ‡∏Ç‡πá‡∏á‡πÅ‡∏Å‡∏£‡πà‡∏á,Scotch,19400,20250813,Scotch,,general,neutral,0.6,,,,,,,,,,,temperature_sensitive:1,,,True
QKPniJZAOrE,https://www.youtube.com/watch?v=QKPniJZAOrE,3M Scotch¬Æ Extreme Double-Sided Mounting Tape ‡∏û‡∏•‡∏±‡∏á‡∏Å‡∏≤‡∏£‡∏¢‡∏∂‡∏î‡∏ï‡∏¥‡∏î‡∏ó‡∏µ‡πà‡πÅ‡∏Ç‡πá‡∏á‡πÅ‡∏Å‡∏£‡πà‡∏á,Scotch,9666,20250813,Scotch,,general,neutral,0.6,,,,,,,,,,,temperature_sensitive:1,,,True
MpQ-NBzD49w,https://www.youtube.com/watch?v=MpQ-NBzD49w,3M Scotch¬Æ Extreme Double-Sided Mounting Tape ‡∏û‡∏•‡∏±‡∏á‡∏Å‡∏≤‡∏£‡∏¢‡∏∂‡∏î‡∏ï‡∏¥‡∏î‡∏ó‡∏µ‡πà‡πÅ‡∏Ç‡πá‡∏á‡πÅ‡∏Å‡∏£‡πà‡∏á,Scotch,8151,20250813,Scotch,,general,neutral,0.6,,,,,,,,,,,temperature_sensitive:1,,,True
Qk2mo_ISWC0,https://www.youtube.com/watch?v=Qk2mo_ISWC0,BEST MOUNTING TAPE FOR PAINTED WALLS,Scotch,1022,20221019,AT Reviews,,tutorial,neutral,0.7,,,,,,True,,,,,surface_damage:2|temperature_sensitive:1,strong_hold:2|easy_installation:1|time_saving:1|value_for_money:1,acoustic_treatment:1|heavy_items:1,True
3hNZ3MwqyPo,https://www.youtube.com/watch?v=3hNZ3MwqyPo,"Top 5 Best Double Sided Tapes for Arts, Crafts, Photography, Scrapbooking Review in 2023",Scotch,550,20220203,SmartHive,,review,positive,0.85,,,,,,,,True,,True,,time_saving:1,picture_hanging:2|decoration:2|diy_projects:1,True
SjMgTbDogd4,https://www.youtube.com/watch?v=SjMgTbDogd4,The Top 5 Best Auto Tape in 2025 - Must Watch Before Buying!,Scotch,480,20250413,Top 5 Best Picks,,general,positive,0.7,,,,,,,,True,,,temperature_sensitive:2|durability_issues:1|price_too_high:1,strong_hold:3|versatile:2|time_saving:2|professional_results:1,picture_hanging:2|diy_projects:1,True
z4whmGZ-HkM,https://www.youtube.com/watch?v=z4whmGZ-HkM,Double Sided Mounting Tape,Scotch,294,20200125,Richard H. Dennis,,tips,negative,0.7,2,2,,,,,,,,,surface_damage:1,easy_installation:1|time_saving:1,decoration:1,True
3AptajVFJ_Y,https://www.youtube.com/watch?v=3AptajVFJ_Y,Double Sided Mounting Tape,Scotch,153,20191205,Clayton N. Hightower,,general,positive,0.7,2,2,,,,,,,,,surface_damage:1,strong_hold:2|easy_installation:1|versatile:1|time_saving:1,curtains:1,True
RZUUmm5voB0,https://www.youtube.com/watch?v=RZUUmm5voB0,The Top 5 Best Double Sided Tape in 2025 - Must Watch Before Buying!,Scotch,138,20250909,Top 5 Best Picks,,general,positive,0.7,,,,True,,True,,True,,True,temperature_sensitive:1,versatile:3|strong_hold:2|easy_installation:1|time_saving:1|rental_friendly:1|value_for_money:1,picture_hanging:2|diy_projects:2|decoration:1|office:1|heavy_items:1,True
l-zOFF_xvWk,https://www.youtube.com/watch?v=l-zOFF_xvWk,Best Double Sided Tape for Heavy Duty Projects,Scotch,135,20241123,Tool Centric,,review,positive,0.85,,,,True,,True,,,,,surface_damage:1,strong_hold:3|easy_installation:2|versatile:2|time_saving:1|rental_friendly:1,picture_hanging:1|diy_projects:1|heavy_items:1,True
iF1Se9C1elk,https://www.youtube.com/watch?v=iF1Se9C1elk,Scotch Extreme Double Sided Tape - 2025,Scotch,59,20250314,TechHawk,,general,positive,0.7,,,,,,,,,,True,,,,True
uUsMFvmIt38,https://www.youtube.com/watch?v=uUsMFvmIt38,Scotch 3M Scotch Extreme Double Sided Tape|| #jiawell #shortvideo #viralvideo,Scotch,22,20250413,jiawell,,review,mixed,0.75,,,,,,,,,,True,temperature_sensitive:1,,tv_mounting:1,True
1uZNleOkXlU,https://www.youtube.com/watch?v=1uZNleOkXlU,The Top 5 Best Permanent Tape in 2025 - Must Watch Before Buying!,Scotch,13,20250812,Top Best Picks,,general,positive,0.7,,,,,,True,,True,,,surface_damage:1,strong_hold:3|value_for_money:1,diy_projects:2|heavy_items:2|picture_hanging:1|acoustic_treatment:1,True
16JMdE-gMVM,https://www.youtube.com/watch?v=16JMdE-gMVM,Best Artificial Baits for Salt Water,3M Claw,12143,20200621,LowCountryFishing,,tutorial|problem|tips,neutral,0.7,,,,,,,,,,,,professional_results:1,picture_hanging:1,True
3f1HcQj2850,https://www.youtube.com/watch?v=3f1HcQj2850,WallClaw Hammer-In Drywall Anchor,3M Claw,6269,20191007,Larry Beaudoin,,comparison,mixed,0.8,125,125,,,True,True,,,,,,easy_installation:1|versatile:1|rental_friendly:1,heavy_items:1,True
ajOVps2P2tE,https://www.youtube.com/watch?v=ajOVps2P2tE,"2025 Swift Carrera 144 Walkround, Review & Comparison with our Elddis CV40",3M Claw,5323,20240920,Van and Country,,review|comparison,positive,0.85,,,,,,,,,,,,easy_installation:1,picture_hanging:1|organization:1|shelving:1|bathroom:1|renter_friendly:1,True
MEg2kZ3Zeqo,https://www.youtube.com/watch?v=MEg2kZ3Zeqo,3M CLAW‚Ñ¢ Plasterboard and Drywall Picture Hanger - HERO English Video (POTY),3M Claw,2107,20240410,3M UK & Ireland,,general,negative,0.7,,,,,,,,,,,,strong_hold:1|versatile:1,picture_hanging:1|heavy_items:1,True
iYkwumvD5Ws,https://www.youtube.com/watch?v=iYkwumvD5Ws,3M Claw Heavyweight Drywall Picture Hanger,3M Claw,1847,20201019,The Motley Guy,,general,negative,0.7,45,45,,,,,,,,,,,heavy_items:2|picture_hanging:1|diy_projects:1,True
JtnqrJyFj2U,https://www.youtube.com/watch?v=JtnqrJyFj2U,3M CLAW‚Ñ¢ Drywall Picture Hanger vs. Traditional Drywall Anchor.,3M Claw,1637,20241211,3M,,tutorial|comparison,neutral,0.7,65,65,,,True,,,,,,,strong_hold:1|easy_installation:1,heavy_items:2|picture_hanging:1|mirror:1,True
2L7sWqmPm-Y,https://www.youtube.com/watch?v=2L7sWqmPm-Y,Top 5 Best Drywall Anchors Reviews of 2023,3M Claw,312,20230510,Recent Tools,,review,positive,0.85,,,,,,True,,,,,durability_issues:1,strong_hold:1|time_saving:1|value_for_money:1,picture_hanging:2|shelving:1|mirror:1|heavy_items:1,True
