reviewId,at,score,version,userName,title,content,thumbsUpCount
d24548ba-0e62-44b5-a3b7-6e7900d351d3,2025-11-12T14:10:59+00:00,4,406.0.0.58.159,ANGELIC,406.0.0.58.159,Please bring back the old Instagram design. I didn't like the messages being at the bottom. We didn't like it. Bring back the previous design; it was much better.,0
aa5abb84-8584-471a-887f-d581d55ce3c2,2025-11-12T14:08:09+00:00,2,405.1.0.57.77,__ CherryTeaLeaves __,405.1.0.57.77,"Instagram is so focused on ""quality of life"" updates that actually make the app worse and trying to become the new tiktok that they've lost sight of their goals and alienated alot of their userbase",0
4fd8afd1-0c78-47fb-a8c6-0db1abec2016,2025-11-12T14:07:01+00:00,5,405.1.0.57.77,Ishak Kureshi,405.1.0.57.77,best app,0
ce84d362-0522-4221-ad8c-7dd6d4fa0193,2025-11-12T14:04:56+00:00,5,,Shiva Dwivedi,,good,0
192690d7-724e-45d2-acfa-dfa15f2b956c,2025-11-12T14:03:55+00:00,1,406.0.0.58.159,Noel Duggan,406.0.0.58.159,"I KEEP HAVING TO ""UNINSTALL"" INSTAGRAM, THEN ""RE- INSTALL"" INSTAGRAM.... I DON'T HAVE A ""+"" SIGN ON MY CHANNEL, SO I CAN'T UPLOAD VIDEOS ???",0
acd39724-f46d-4060-830d-1b8c87648df9,2025-11-12T14:01:39+00:00,5,,Jeshel Estrao,,nice edit,0
fb04e2db-4660-4556-8345-b278d0f6d7e2,2025-11-12T14:00:28+00:00,5,405.1.0.57.77,Best gamer,405.1.0.57.77,Best !!!!!!,0
09340b9c-da52-4eb6-b1ab-d1d95e3187c7,2025-11-12T13:57:46+00:00,1,,Jennifer Sansone,,I have had bad things happen to me by a woman named Emily Leatherman is love she's reposting my private pics making videos about John Cusack when she's a stalker and making videos using my name and her account was removed but given back to her and she's doing the same things again after reporting her you do nothing to her say it doesn't go against community standards of I could give it money a star I would y'all are letting a serial stalker continue stalkish behavior,0
9a44b456-6f79-4946-996c-6cbf390bb141,2025-11-12T13:56:34+00:00,1,405.1.0.57.77,Natalie Hannan,405.1.0.57.77,wont let me uninstall,0
c3341e8d-3ea3-4fc5-9f06-c61ffc89f37f,2025-11-12T13:54:56+00:00,5,405.1.0.57.77,Nancy,405.1.0.57.77,I enjoy the creativity.,0
27563471-dc87-448e-bdcd-4c0d525df573,2025-11-12T13:53:44+00:00,4,,Malik Divine,,see i love your app soo much,0
de85fe5c-7b9b-45db-8c3b-9a4910b4128b,2025-11-12T13:52:23+00:00,1,406.0.0.58.159,Ethan,406.0.0.58.159,"MY ACCOUNTS WERE WRONGFULLY SUSPENDED WITH NO WAY FOR ME TO CONTACT INSTAGRAM OR SEE PROOF WHAT I DID WRONG. I was talking to my friends as usual for the final high school maths exam that is now tomorrow, when my account was randomly suspended, saying that my account or activity on it doesnt follow the community standards on child sexual exploitation, abuse, and nudity, which makes zero sense as I am a regular 17 year old watching sports reels and talking to my friends, doing nothing malicious.",0
0445ccf5-25a6-4944-ae1f-d9696c8471ca,2025-11-12T13:51:43+00:00,5,406.0.0.58.159,ŸÖÿµÿ∑ŸÅ€å ÿ¨ÿßÿ®ÿ±ÿ≤ÿßÿØŸá,406.0.0.58.159,bountiful,0
fa467b0d-1dc7-4515-98f7-af601d7b5a99,2025-11-12T13:51:07+00:00,5,406.0.0.58.159,Rassil Nazik,406.0.0.58.159,it's just good like 10/10,0
27119ea0-4c5a-47ed-8652-f3e9cb2b1726,2025-11-12T13:48:19+00:00,5,406.0.0.58.159,Joyce Muthoni,406.0.0.58.159,I can say it's good but always I don't have likes.but I give it 5stars .it's actually amaizing .no much dramas like tiktok,0
b7444686-e19b-4fff-bc83-5a2597d53db4,2025-11-12T13:46:44+00:00,4,406.0.0.58.159,Danny Stevens,406.0.0.58.159,very good,0
6209865f-c48f-44bb-8e01-1df9d4a64e7d,2025-11-12T13:45:21+00:00,5,391.0.0.42.82,SKA NTY (SKAN_TY),391.0.0.42.82,Amazing works well,0
5e52a9df-1b6d-4034-bdc4-df0dabf5ec6a,2025-11-12T13:44:30+00:00,5,406.0.0.58.159,Vvishav Kumar,406.0.0.58.159,üòÄ,0
f511c664-90ec-425d-8b90-1f33b1bf58f1,2025-11-12T13:43:23+00:00,5,405.1.0.57.77,Sadiqa Kashan,405.1.0.57.77,Good good,0
4d03c724-0586-4d3d-bc15-1a8302ddcae4,2025-11-12T13:42:12+00:00,5,406.0.0.58.159,Yassine Errayssi,406.0.0.58.159,‚ù§Ô∏è‚ù§Ô∏è‚ù§Ô∏è,0
2fa91fef-de69-43be-bc1b-53b37c458a47,2025-11-12T13:39:12+00:00,1,406.0.0.58.159,Jason Manzanares,406.0.0.58.159,"This app shut my whole old profile down linked to my Facebook several months ago. Destroying thousands of photos, videos, and memories accusing me of being a bot. In turn, it shuts down my threads profile with the same photos, videos, and memories because I called out a USDT/USDC/Bitcoin/crypto scamming network with hundreds of pages I provided them. They didn't help me. They took their side. I mail all the info off to the FBI. I'm back. I'll do the same thing again if they're there still!",0
fc04b7aa-cf7a-4f34-a65a-661192aed3d7,2025-11-12T13:38:37+00:00,1,406.0.0.58.159,Zahra Rahimi,406.0.0.58.159,bruhhh what is this new update I don't like it at all.,0
aa3d4e4b-cc9d-4a62-b5ac-061dc3b867a6,2025-11-12T13:36:20+00:00,5,406.0.0.58.159,Mariam Hussien,406.0.0.58.159,Update,0
af90b09f-4474-469e-99ee-4b474c2912e1,2025-11-12T13:36:05+00:00,5,406.0.0.58.159,Johnlance Aringo,406.0.0.58.159,Instagram is a place one can meet vybes,0
d65dedc6-71ca-44b4-a3bc-a86d5899363c,2025-11-12T13:35:00+00:00,5,,Ishmael Rammbauli,,everything is perfect,0
82bb4504-12a4-4afe-96c1-2e88e2d17d17,2025-11-12T13:32:47+00:00,1,301.1.0.33.110,ahm moh,301.1.0.33.110,one of the worst apps I will never forgive them for ruining my attention span and my life I avoided downloading TikTok because of the short content just for them to add it as a feature (reels) in their app,0
2ca89dd9-352f-4ba6-8b31-0129f6b7fa97,2025-11-12T13:31:30+00:00,5,,Jiganisha Rathod,,best app in instagram üòÄ,0
2e5bb83f-fcd2-4994-b073-debfca30e4a5,2025-11-12T13:28:56+00:00,1,404.0.0.48.76,Debjit Karmakar,404.0.0.48.76,This is vary bad app but i always use this app,0
2b1050da-847d-4e92-889e-b3e5a41fd58a,2025-11-12T13:27:22+00:00,2,406.0.0.58.159,Maria Grumeza,406.0.0.58.159,"ok so, first of all i love instagram, but i gave it just 2 stars cuz' why did you deleted the tag option after i put a story? i mean, i poste a story and somone wants tag, but I can't tag them because i don't have the option to do it and is annoying, i will like to be put back that option, it was so useful! and not just me, my friend don't have that option either, everyone i know want this option back, so please put it, we need it, is actually so useful for some people, thank you if u read this!",0
7225dc4b-ceed-42f2-b824-3773868fc2ce,2025-11-12T13:26:59+00:00,5,405.1.0.57.77,Anshu Sur,405.1.0.57.77,it's a osm social media ü§ç,0
f051851e-3121-46b4-8121-292175096e7b,2025-11-12T13:25:11+00:00,5,406.0.0.58.159,Salvin Binu,406.0.0.58.159,good,0
92b0a951-e62a-4563-ad79-64284f971471,2025-11-12T13:24:07+00:00,1,406.0.0.58.159,Meg Marie,406.0.0.58.159,Please stop hiding my comment while I'm typing so I can't see what I'm writing. We also need an edit comment feature because I hate deleting my whole comment and writing a new one when I see a typo,0
9fe69464-15bf-4dae-bc7e-3bc1e7a60866,2025-11-12T13:22:24+00:00,4,405.1.0.57.77,Henry D. Mulbah,405.1.0.57.77,It's exception when u are using the app,0
b3aa9227-e9c1-4f9a-ae8b-e8841bda3f3b,2025-11-12T13:15:44+00:00,5,404.0.0.48.76,Sudhir Lagisetti,404.0.0.48.76,Super,0
867a9928-47d7-43cb-a6c7-93a35c437537,2025-11-12T13:09:52+00:00,5,384.0.0.46.83,Sakib Laskar,384.0.0.46.83,‚ù§Ô∏è‚Äçü©π‚ù§Ô∏è‚Äçü©πüó£Ô∏è,0
14b4c8cc-06a3-488c-a967-c40655eda392,2025-11-12T13:07:29+00:00,3,404.0.0.48.76,Christine Nawiti,404.0.0.48.76,it's a nice app u get to meet people,0
d7aa70c5-224c-4464-bc01-61f4acc72ade,2025-11-12T13:04:44+00:00,1,402.0.0.49.70,Destiny Travel,402.0.0.49.70,someone stopping my phone from working. I can't go to settings,0
553b006a-4ed3-4ae2-bd3a-425d5d96c3cb,2025-11-12T13:04:13+00:00,5,359.0.0.59.89,Deb Murmu,359.0.0.59.89,next level,0
e3807533-a4e1-4da9-a237-09586340d4bb,2025-11-12T13:02:36+00:00,5,404.0.0.48.76,alem jerus,404.0.0.48.76,good,0
8a792054-2966-4c12-8b3a-49a707f5d297,2025-11-12T13:01:45+00:00,5,406.0.0.58.159,Deandra Sanders,406.0.0.58.159,Fun times,0
cda3bd0f-75d1-4836-9b3e-b3b65d01ee06,2025-11-12T12:59:00+00:00,5,406.0.0.58.159,Muskan Khan,406.0.0.58.159,üíñüíñüíñüíñüíñüíñüíñüíñüíñüòöüòö,0
7d16d5cf-62a1-4599-9b9f-3d2e9e5e7670,2025-11-12T12:58:21+00:00,4,,Ohemaa Goddess,,I love the app but my problem is because I use a tablet I can't download it to my gallery and I don't understand why please work on it but the app is still good,0
a618efcc-c4da-47a3-8123-b5a5c8055cc8,2025-11-12T12:57:43+00:00,5,406.0.0.58.159,Eduard.C,406.0.0.58.159,"Instagram is the best social media app, that there is.",0
7ea5439b-f040-4d19-9f17-fa651bd5961d,2025-11-12T12:57:41+00:00,5,,Rashim Gawhade,,good luck with your app,0
e9fce198-ee22-4048-9839-6c2746c8919a,2025-11-12T12:56:13+00:00,1,403.0.0.49.74,Rita OFFICIAL,403.0.0.49.74,varry nice,0
35377171-90d9-4f00-be52-d4ecf4b6c017,2025-11-12T12:54:58+00:00,1,406.0.0.58.159,Ahmad maghraby,406.0.0.58.159,Take money and do nothing . Don't pay money in this app thr take more than they write directly from your bank account and never get target audience and sales I went to other apps who deal with us as partner not as money machine new review on 2025 too much glitches on app need to close and reopen too much times,0
c86b689c-764a-41f4-a893-f05301340a72,2025-11-12T12:54:54+00:00,3,,Ali Ali,,when we send photos and video it could bhi blur why!,0
e16d73e5-2d19-492c-a0e4-e0e9c2615505,2025-11-12T12:54:06+00:00,5,403.0.0.49.74,Dhiraj Jogdand,403.0.0.49.74,he is the best app,0
7d83510c-8273-4849-b10d-3e590f0a53b3,2025-11-12T12:53:53+00:00,5,407.0.0.0.227,Anton Frolov,407.0.0.0.227,all good.,1
1a8ef944-a7ac-4f6c-a199-c9392bac519b,2025-11-12T12:51:50+00:00,2,406.0.0.58.159,Marnie Holcomb,406.0.0.58.159,New update is absolutely horrible. The setup is so generic looking. Put messages back up in the corner & make it so I can swipe to access them first. I dont care to access reels by swiping. Stop trying to mimic Tik Tok's set up.,107
64aaeb11-4d32-4bf6-8b04-401fda07956b,2025-11-12T12:50:55+00:00,5,398.0.0.14.77,Sukaina Zehra,398.0.0.14.77,My 4 account disabled please recover my account,0
932786b4-4a66-4279-9df1-b879a39bb973,2025-11-12T12:50:38+00:00,2,,ÿ®Ÿäÿ±Ÿà,,Please add emojis that look like ios emojis I like how they look,0
8f3a2c41-2399-4479-93fc-6d5365cbc8b6,2025-11-12T12:47:44+00:00,5,400.0.0.49.68,akash kumar,400.0.0.49.68,inspire from u thank u,0
f1dd5c0e-e60e-4ede-b6f9-e87007dd2b16,2025-11-12T12:46:11+00:00,4,398.1.0.53.77,Ali Dehghanizade,398.1.0.53.77,Ok is not bad üòÅ,0
345d8c86-0fa3-4f0b-8a0e-baa0dd119f5d,2025-11-12T12:45:53+00:00,5,406.0.0.58.159,Shahir Choudhary,406.0.0.58.159,good aap,0
d13b0ac0-eb84-45b8-9bf7-df465e73a91b,2025-11-12T12:45:00+00:00,5,406.0.0.58.159,Jemin Jangir,406.0.0.58.159,good,0
0a56d1cb-2187-4df5-a83b-8d3ddfea095b,2025-11-12T12:43:03+00:00,5,404.0.0.48.76,Shaikh Huzaif,404.0.0.48.76,best,0
23ddbea0-6993-438a-89a0-226b666681ef,2025-11-12T12:41:13+00:00,1,,Queen Shokh Chowdhury,,karon aita dowlode hoia ow screen a show kortase na,0
0ed0c3d1-5b5e-470f-b05c-3363623ce15c,2025-11-12T12:41:10+00:00,5,404.0.0.48.76,Suvojit Samanta,404.0.0.48.76,nice üëç,0
7dc7de01-007c-44df-986b-818140dfacff,2025-11-12T12:39:58+00:00,5,405.1.0.57.77,Dawood Ali,405.1.0.57.77,very good experience,0
5ba5e736-764c-4c78-88b2-c4a88a35e19a,2025-11-12T12:39:03+00:00,5,404.0.0.48.76,Sahil Thakare,404.0.0.48.76,very nice app video quality and all things are very nice,0
2628f708-909a-4b6d-bcdf-b5fb542d1c45,2025-11-12T12:38:28+00:00,5,,Fairy Lua,,I love it,0
ca013df3-4e49-4519-b456-dd37e12c9bcd,2025-11-12T12:37:26+00:00,4,,CINDER AJ,,"I don‚Äôt have many issues personally with this app, but the sensitivity for swiping into reels is too high. No, I only want to see posts, thanks. I wish there was a way to toggle swiping to switch screens OFF. I also dislike how you can't save drafts of posts and have to completely start over. You also can't scroll up when selecting images for a post or else the tab will be minimized too small to select anything.",0
b608dfda-5ede-4a7f-96b2-3ded13d37a1b,2025-11-12T12:36:16+00:00,5,406.0.0.58.159,Mani Bhatti,406.0.0.58.159,excited,0
bdc2d03d-dfba-4adc-8e87-cff548026021,2025-11-12T12:34:44+00:00,5,406.0.0.58.159,Chan Dana,406.0.0.58.159,superbbb‚ù£Ô∏è,0
a2edad6c-9c5f-41e5-8e50-315a20a1bafd,2025-11-12T12:34:41+00:00,1,406.0.0.58.159,Ansh Pandey (Lost Plays),406.0.0.58.159,my account is suspended for no reason and because of that my facebook account is also suspended and because of that I lost my bgmi account worth of lakhs. what is this behaviour insta? please give me my account back or atleast tell me what's the reason behind suspending it.,0
5a1dd0c7-2467-4bd0-b953-78f09f65ca9b,2025-11-12T12:33:06+00:00,5,405.1.0.57.77,Shubham Singh,405.1.0.57.77,very nice üôÇüëçüëçüëçüëç,0
9770009b-b201-4ce5-a185-1cd0f72f913e,2025-11-12T12:32:44+00:00,5,404.0.0.48.76,Samuel Frederick,404.0.0.48.76,exceptional,0
3f599ef2-546e-47a3-870a-0bb79064779f,2025-11-12T12:32:38+00:00,5,403.0.0.49.74,Nelly Grace,403.0.0.49.74,Top Notch no excuses no complains y'all are the best ü•∞ü•∞ü•∞ü•∞,0
720e60fe-8512-4c77-b049-84163138a86e,2025-11-12T12:32:33+00:00,5,405.1.0.57.77,Alliecea Dubke,405.1.0.57.77,peak,0
52397c24-1903-4d14-a707-2e79a027ec6d,2025-11-12T12:31:34+00:00,5,,mntzr,,ÿ¨ŸäÿØ,0
5cb3dc72-3deb-4aa8-846a-0d77c84790d9,2025-11-12T12:30:06+00:00,5,,Abir Hossain,,i don't have any expression now,0
81ce2fac-a781-4543-a11c-b5756457ccda,2025-11-12T12:30:05+00:00,1,407.0.0.0.207,–°–≤–µ—Ç–æ—Å–ª–∞–≤ –ê–Ω–¥–æ–Ω–æ–≤,407.0.0.0.207,recent updates ruined everything ESPECIALLY the camera,0
bfd70a5f-8cbd-4819-b7bc-e04e3af0ec8f,2025-11-12T12:29:04+00:00,5,406.0.0.58.159,Estelle Buys,406.0.0.58.159,"easy to use ,great app",0
c28dc947-18e1-45a2-9d9c-01641ee45fef,2025-11-12T12:27:49+00:00,1,405.1.0.57.77,Raj Kumar,405.1.0.57.77,üí©,0
b42260ba-697e-444f-ad3d-7147280c5e8b,2025-11-12T12:26:15+00:00,5,,S.j.m Mosavi,,good,0
b807c3e1-c621-4115-b59d-b50da60fbd7a,2025-11-12T12:24:41+00:00,1,406.0.0.58.159,Vanshal Dsouza,406.0.0.58.159,the new update of the change in layout is pathetic,0
b7912c6b-2628-44de-ab9a-a3e0c2f02daa,2025-11-12T12:23:32+00:00,5,401.0.0.8.79,Narayan Narayan,401.0.0.8.79,good,0
3fd15995-0046-49b8-a4ce-e5a4e4751849,2025-11-12T12:23:31+00:00,1,406.0.0.58.159,manas kamal bora,406.0.0.58.159,i can't getting a job for Instagram,0
e22eb173-ef31-4e76-9d12-f4f7c8577d80,2025-11-12T12:23:13+00:00,5,403.0.0.49.74,Sonu Sing,403.0.0.49.74,awesome,0
ec8de473-e612-437f-844a-bb0f694a7310,2025-11-12T12:22:25+00:00,1,,Trust in Synchronicity,,"Why is Instagram trying to force us to use the IG app. Its too large. Please kill the entire platform forever. When in desktop mode it says ""video has no sound"" Why are you so weird about Android 10. Its like, SUCH a classist, SNOBBY hierarchical platform, expecting everyone to be using the latest iphone.",1
6c3c5478-cbd2-43fb-a85b-79ab279d7972,2025-11-12T12:22:02+00:00,1,406.0.0.58.159,Elaine Gosselin,406.0.0.58.159,The messenger icon is missing beside the heart icon?,4
30d2280c-a9f6-43e9-a788-9e5bfb6531cc,2025-11-12T12:19:36+00:00,5,,Soni Chauhan,,‡§µ‡•ç‡§π‡•á‡§∞‡•Ä ‡§¨‡•á‡§∏‡•ç‡§ü,0
44d79813-b348-4d51-a6c6-808a2bc53c45,2025-11-12T12:16:40+00:00,3,406.0.0.58.159,Kyle Anthony Urgelles,406.0.0.58.159,Latest post was unavailable and can't fix it,0
e7d54e5d-d6b0-46e7-927c-ff4b3bad14ab,2025-11-12T12:14:04+00:00,5,406.0.0.58.159,Robert Rusu,406.0.0.58.159,good app anyways,0
87d936d2-5a55-45ac-a568-91401da45bfa,2025-11-12T12:12:02+00:00,5,,Buddy Tangupan,,goods app,0
3d6a8749-e375-4b87-9fb2-39a28f2673dd,2025-11-12T12:11:59+00:00,5,406.0.0.58.159,Priyanshu Raj,406.0.0.58.159,üòä,0
cec65c8c-4a30-49ed-ae0c-44597750b293,2025-11-12T12:11:39+00:00,1,215.0.0.27.359,daniel barrozo,215.0.0.27.359,useless app,0
b626926a-def1-4519-b9d9-1d3511c3295e,2025-11-12T12:10:49+00:00,5,404.0.0.48.76,ARUN CHAUHAN 07,404.0.0.48.76,‚ù£Ô∏è,0
f4c08688-16c1-416e-9331-016b22b17328,2025-11-12T12:08:26+00:00,4,,Kashan Rizvi,,Mari issi insta ki waja see shadi bhi hogi love you instaüòÑ,0
fb28928c-8dc4-4f2c-8db0-cb41216feb64,2025-11-12T12:08:25+00:00,1,406.0.0.58.159,Sivakumar Kasagani,406.0.0.58.159,I hate the latest update.,0
689587a6-2bfa-4935-a053-851fb03961e4,2025-11-12T12:05:42+00:00,5,407.0.0.0.227,taekwondo The champ,407.0.0.0.227,bestt,0
fd341e8e-691b-45fe-8e09-4b386d95b578,2025-11-12T12:05:22+00:00,5,397.0.0.46.81,Mussa Gama,397.0.0.46.81,good app,0
0d608ee9-ab12-4e8b-9d4c-626d2b76fd2b,2025-11-12T12:05:21+00:00,4,,J.A Jones,,it's a real experience There's nothing fake about it..If you have to make content make it. if you have to do lives then do it. I'm MOCK FU and I believe in the app.,0
ee94eda9-57a3-46f5-b5d8-6090f14a3740,2025-11-12T12:05:05+00:00,5,406.0.0.58.159,MD GULAM NABI,406.0.0.58.159,ü§çüëÄ,0
6a71b657-c3ff-4b43-9dbc-b0e945ca5093,2025-11-12T12:05:02+00:00,5,401.0.0.48.79,Umar Dogar,401.0.0.48.79,Best,0
11379241-d88d-46f3-9471-e5161a1d3b66,2025-11-12T12:04:34+00:00,5,406.0.0.53.159,Atik Guru,406.0.0.53.159,good,0
480a6270-3189-42c9-8b26-77cb55dbcd37,2025-11-12T12:03:45+00:00,5,405.1.0.57.77,Olojede Ayomide,405.1.0.57.77,amazing üëè,0
584cce7c-5a5d-4ed3-8d1c-3c7a32879f04,2025-11-12T12:03:26+00:00,1,405.1.0.57.77,Rohan,405.1.0.57.77,"Despite having a 300 Mbps internet connection, the video quality on Instagram‚Äôs feed and timeline remains noticeably poor due to excessive compression. It is disappointing that, even in 2025, a major social media platform continues to offer such a subpar viewing experience.",21
cfd11305-dc06-4b85-a389-64eede9eaf75,2025-11-12T12:03:15+00:00,4,406.0.0.58.159,karen nicole,406.0.0.58.159,its working fine now just keep it that way,0
235ae18a-f43e-4b7b-bc9b-bfd60fcb1628,2025-11-12T12:02:01+00:00,5,,Akudike Chijioke,,adorable and cute üíï,0
a69b93e6-07f3-4f1a-9777-1432a99bf705,2025-11-12T12:01:51+00:00,5,405.1.0.57.77,Anurag,405.1.0.57.77,Best üëå Application,0
85eb06c6-07d8-4fdc-bc0e-ed0da37f00b4,2025-11-12T11:58:02+00:00,4,405.1.0.57.77,Taimoor Janjua,405.1.0.57.77,nice app,0
69e7e5a8-22e7-4567-bb3d-890bacb32601,2025-11-12T11:57:38+00:00,1,363.0.0.29.80,Aqw Zsx,363.0.0.29.80,"I've been sending complaints for a month about the lack of a repost option, but to no avail",0
abe15915-13ab-4bfb-89ec-316ca0e839c1,2025-11-12T11:57:13+00:00,3,278.0.0.22.117,Akoth Ann Rose,278.0.0.22.117,I love it,0
c164c50e-d571-4432-bb77-308d4968d058,2025-11-12T11:55:56+00:00,5,,Lucky Mahulkar,,reel is not working in 4k,0
e202ac90-214c-4c62-af3f-70e7a34afb2b,2025-11-12T11:55:52+00:00,5,406.0.0.58.159,Rehmantxjerry Rehman,406.0.0.58.159,funtastic app,0
7acc0034-a175-4854-a3c2-b24efba7159f,2025-11-12T11:55:44+00:00,5,405.1.0.57.77,sajid Bhai,405.1.0.57.77,Hi his very nice and my favorite app,0
4ad0d8a8-03fd-4a43-ad67-e8b7076a1ce3,2025-11-12T11:54:51+00:00,5,,Riyaj Sqradar,,‚ù§Ô∏è‚ù§Ô∏è,0
6e6d7e2a-f8a4-49ca-b785-5f6711397d27,2025-11-12T11:53:56+00:00,5,406.0.0.58.159,Parno Basu,406.0.0.58.159,excellent,0
cdf0e9e7-4e8a-4c87-8fbc-99100860c25f,2025-11-12T11:53:42+00:00,5,,karl meza,,verry good,0
bc96b21d-3432-4fa2-91e5-6dd6ac003ab2,2025-11-12T11:51:36+00:00,5,405.1.0.57.77,Kunj Patel,405.1.0.57.77,love you lnstagra.,0
f6350849-5587-45d7-9087-18a8bb492514,2025-11-12T11:49:33+00:00,2,404.0.0.48.76,Abdullah Faisal,404.0.0.48.76,‚ù§Ô∏è‚ù§Ô∏è,0
bd0e8df4-197c-4424-93c4-bb59ae55e3c8,2025-11-12T11:47:09+00:00,5,,Khan,,Good use but why u disabled my account,0
cb8a6940-cf59-415e-96fa-8b9eadedda71,2025-11-12T11:46:10+00:00,5,406.0.0.58.159,Mens Park Aruppukottai,406.0.0.58.159,very nice app,0
477609ed-5189-456f-b3ac-752e3bceb1cb,2025-11-12T11:45:11+00:00,5,405.1.0.57.77,Haruto Kun,405.1.0.57.77,the best,0
fc62b295-716b-4664-b2d9-4dd6e5beb5b9,2025-11-12T11:43:58+00:00,2,406.0.0.58.159,Navin S,406.0.0.58.159,everything is okay but having issues in dob why we can't change our dob ‚ùìÔ∏è‚ùìÔ∏è‚ùìÔ∏è‚ùìÔ∏è,0
0bdbb7f2-2830-4f20-80f2-a7d094123667,2025-11-12T11:43:32+00:00,5,407.0.0.0.207,Md Ashfaq,407.0.0.0.207,i love this app i will never delete this app ü•∞,0
5aaf8b31-aaeb-4775-ae51-122a71862b0c,2025-11-12T11:43:28+00:00,1,406.0.0.58.159,A.M Technical Star,406.0.0.58.159,"This new update is very bad, due to this I am rating this app 0 ‚òπÔ∏èüëéüèª",0
6d44d68f-ce99-43d0-820d-f0fd0d60e5a3,2025-11-12T11:43:03+00:00,5,405.1.0.57.77,SK mahanta SK mahanta,405.1.0.57.77,super mind blowing,0
275ad7cd-27e1-4c6d-b565-9d1e53f2ac30,2025-11-12T11:42:54+00:00,1,405.1.0.57.77,Ajay Bhooker,405.1.0.57.77,Good,0
41b9b70e-757e-4ebf-895e-62f772d6a8a9,2025-11-12T11:41:35+00:00,1,405.1.0.57.77,Whitney Keaton,405.1.0.57.77,I use Instagram because I don't want to use TikTok. Now I won't use Instagram because it's a low grade knockoff of TikTok. Congrats on stepping straight into your social media grave.,29
1b529485-61a1-417b-9876-e88d7e6e797b,2025-11-12T11:40:50+00:00,5,,Mass D flashing,,I like it,0
c6e3e096-1410-4019-b9c2-b2bcbd4beee9,2025-11-12T11:39:59+00:00,5,162.0.0.42.125,Nitrishna Sonowal,162.0.0.42.125,Addicted app‚ù§,0
6edf4086-de76-41e0-abee-c3e1874078e3,2025-11-12T11:39:38+00:00,5,403.0.0.49.74,Murugan Maddy,403.0.0.49.74,good,0
a9123128-7da7-4b5f-bcf0-77b708b105f2,2025-11-12T11:39:21+00:00,5,405.1.0.57.77,Nweke Nnaemeka,405.1.0.57.77,I like the app it use to enable one go viral on social media,0
a7f6e324-3edc-4b50-8738-fc11d73c91de,2025-11-12T11:38:41+00:00,5,,Alisha Afzal,,Fabolous app,0
c02fb6d3-b5cc-4266-8459-bc8e2a49d6d1,2025-11-12T11:37:30+00:00,5,320.0.0.42.101,Sufyan Ali,320.0.0.42.101,i am so happy,0
b4ff31e2-83fc-47f7-970a-5fdd929e2d37,2025-11-12T11:35:47+00:00,5,,Usman Abbasi,,video creator,0
213608db-96c6-4bb7-8244-0e41deaf8aa0,2025-11-12T11:34:09+00:00,5,405.1.0.57.77,Bilal Shaikh,405.1.0.57.77,wow is so amazing,0
88349f60-0d0c-4f7b-968f-9c8db296d022,2025-11-12T11:33:44+00:00,3,402.0.0.49.70,_fazal_ 469_,402.0.0.49.70,Nice app I like it,0
f1e49c7d-4e5e-415f-b910-2f78c96b9318,2025-11-12T11:32:59+00:00,1,406.0.0.58.159,Sachin Karrande,406.0.0.58.159,ise delete maar Dena isase Achcha free fire hai,0
5b1f7064-8869-486b-b826-0ea023eb70b7,2025-11-12T11:30:14+00:00,4,406.0.0.58.159,Jerry Lanza,406.0.0.58.159,Great üé∂,0
d01a0d1c-706c-4034-8227-3bad1f51573a,2025-11-12T11:29:49+00:00,5,406.0.0.58.159,Md Sumon,406.0.0.58.159,Love,0
a6ca9a3e-db5a-4b1e-8aa4-b2d21652b924,2025-11-12T11:25:56+00:00,1,406.0.0.58.159,Chris C,406.0.0.58.159,past 3 updates have rendered it almost useless. Notifications do not vibrate or make a sound when I receive a message. UPDATE: Still horrible and rendered useless. I am now no longer able to open messages in the app. Needs to be fixed immediately. Girlfriend and I broke up due to the badly broken location system on Instagram. The app puts me in places I'm not even physically located or ever been. Absolute trash app.,1
c2bb56fb-bb6e-4050-bfc9-6600535dc9bb,2025-11-12T11:24:57+00:00,5,,mehdi karimi,,ÿπÿßŸÑ€åü´Äü´Ç,0
c5a17b6d-d5f3-497d-8fd7-9d0785b387b9,2025-11-12T11:24:20+00:00,5,346.1.0.46.104,dorco 814,346.1.0.46.104,like the racist reels,0
f68bcbdf-55d2-47c7-a527-c3034b8a344f,2025-11-12T11:23:52+00:00,4,407.0.0.0.227,Alabi Michael,407.0.0.0.227,seamless marketing,0
f80b0f86-1bb7-42c3-ab42-8e946052d719,2025-11-12T11:22:14+00:00,5,405.1.0.57.77,Guru,405.1.0.57.77,Good,0
4580d38f-7a97-4b0c-a727-a6e1d56a331e,2025-11-12T11:21:31+00:00,5,405.1.0.57.77,‡§∞‡§Ç‡§ú‡•Ä‡§§,405.1.0.57.77,excellent app for this generation,0
7c825fb2-fb6e-40ea-8308-39013d7488a8,2025-11-12T11:20:00+00:00,2,407.0.0.0.227,Priyanka Jain,407.0.0.0.227,From the past few days instagram app is crashing very much after an update.,0
b2ad7e3b-a3e3-4d1c-a68a-60938af00fd9,2025-11-12T11:19:22+00:00,5,,Aleena Tariq,,amamzing,0
d51d8e98-21e1-4a4b-9ccc-7c8655a112fb,2025-11-12T11:19:20+00:00,5,405.1.0.57.77,Claudia,405.1.0.57.77,Everything is fine but the new update is the case,0
294b4ad3-d7ab-4110-9c63-76a0f5bafcee,2025-11-12T11:18:34+00:00,1,406.0.0.58.159,Charles Banks (CabbyJr),406.0.0.58.159,"As of recent, I have been flagged by some algorithms which are causing me a lot of drama and trauma regarding interactions with others! Even with an appeal, nothing is reasonably considered because there is little to no human interaction/intervention! It is almost like the app is on autopilot with the bots targeting all of the wrong things yet no one to speak to about counteracting the unnecessary BS!! #iAmAnnoyed #ridiculous #youaskedme",1
d4471261-a2df-43ce-a924-c07bb697e045,2025-11-12T11:18:21+00:00,1,,Piyush Chavan,,App Is not updated please update my Instagram in latest version,0
68bf4481-5b67-4f68-b9b8-666fac3872e6,2025-11-12T11:17:35+00:00,5,,Soma Basu Mallick,,I like Instagram for me. this is so good. ‚ò∫Ô∏è‚ò∫Ô∏è‚ò∫Ô∏è‚ò∫Ô∏è‚ò∫Ô∏è‚ò∫Ô∏è,0
98966d75-27d7-4c8e-aa8a-898f2a822865,2025-11-12T11:16:38+00:00,5,407.0.0.0.207,Parvinder Singh,407.0.0.0.207,it is very good,0
3a02678d-ff45-4b07-bc15-a31cca8b2836,2025-11-12T11:16:30+00:00,2,406.0.0.58.159,Gokul Unnikrishnan,406.0.0.58.159,it's a Cool app but some days before . i add a story the after i can't mention anyone in it,0
68ebd95e-30d8-4652-b9f4-80e349a08e94,2025-11-12T11:16:30+00:00,5,405.1.0.57.77,Mark Reynolds,405.1.0.57.77,I love showing everyone my mushroom!,0
c4569b8d-0d22-4400-8852-a18543899f3a,2025-11-12T11:14:43+00:00,5,405.1.0.57.77,Sheetal kamalpur Sanskrit school Birdupur,405.1.0.57.77,best app Maine isase pahle itna achcha aap kabhi nahin try Kiya,0
de086631-4b96-4a2c-8ffc-bf60621a0216,2025-11-12T11:14:42+00:00,5,406.0.0.58.159,karan taywade,406.0.0.58.159,Enjoying App,0
2c62443e-984b-4a81-9673-a37836e3042a,2025-11-12T11:14:14+00:00,5,,PRASHIK,,üëåüëåüëçüëç,0
7a7bd4a1-b9b8-44cc-96d1-5e037b8c3c34,2025-11-12T11:11:50+00:00,5,406.0.0.58.159,Shameem Begum,406.0.0.58.159,very good,0
ef48d346-866a-4a7d-918c-58d7ae9c3171,2025-11-12T11:10:47+00:00,3,405.1.0.57.77,Abhishek Dogra,405.1.0.57.77,it's good to use for entertainment purpose but its also take your time which you utilise in something productive so enjoy but be careful,0
06733911-f7b8-4905-adb5-30aa6448621e,2025-11-12T11:10:07+00:00,5,403.0.0.49.74,Ravi Tomar,403.0.0.49.74,best instagram app,0
76e5a6a0-986b-473f-8a4b-9e4e11c210ca,2025-11-12T11:08:06+00:00,5,405.1.0.57.77,Diya Sukul,405.1.0.57.77,woow,0
a061a192-4f6b-4ba7-b10d-0cad80ee5bbf,2025-11-12T11:06:33+00:00,5,,Mazhar Mazhar,,üëç,0
879742ad-b3b4-4a54-95e8-88a806a73e3f,2025-11-12T11:05:57+00:00,1,406.0.0.58.159,Rohit Rajput,406.0.0.58.159,"Dear Instagram Support, I am writing to urgently address the wrongful suspension of my Instagram account. My account is not only a vital part of my professional life, but it also serves as my primary source of income, marketing, and communication with my audience and clients. The suspension occurred without any clear reason, and despite multiple attempts to seek clarification or support, I have received no feedback. I don't have any options I have to write on this review",0
34f62d0d-6f6a-4d22-90fe-3fd304893e91,2025-11-12T11:05:30+00:00,5,,alford collins,,Exceptional,0
f852d5e6-a847-4925-a9c7-6a1a0ed6daa4,2025-11-12T11:05:01+00:00,5,,Manoj Panika,,super,0
93795864-4d26-450d-b95d-05e5c5d7b7d9,2025-11-12T11:03:44+00:00,5,406.0.0.58.159,Maksuda Shikder,406.0.0.58.159,"ig is the best app for me, and the perfect app for pass my free time",0
0f50b43e-d27e-47cb-bafb-a2585da7194f,2025-11-12T11:01:15+00:00,5,203.0.0.29.118,Deepak Kewalka,203.0.0.29.118,enjoying,0
52ce78ee-2fc4-442c-a13b-bbcce073b265,2025-11-12T10:58:56+00:00,5,406.0.0.58.159,BABUL MIAH,406.0.0.58.159,best app i loved it,0
ecde572d-85e7-4359-a834-1693f7c7036b,2025-11-12T10:57:36+00:00,5,404.0.0.48.76,Shubhavati Gautam,404.0.0.48.76,instagram is so amazing for story ana reels,0
b87cd807-920c-4b41-be38-b598d3af1e04,2025-11-12T10:55:39+00:00,5,404.0.0.48.76,Khush Rathore,404.0.0.48.76,beautifuuuuuuul,0
ffb683f2-4e0f-40b4-8396-1136f451ca15,2025-11-12T10:53:58+00:00,4,406.0.0.58.159,Lethiwe Ndlovu,406.0.0.58.159,good,0
501f0e38-3685-4406-9eaf-5f80a6f0cc6b,2025-11-12T10:53:14+00:00,1,405.1.0.57.77,MOHD UBAIS KHAN,405.1.0.57.77,Hey Instagram you are great..,0
06f23e0c-b362-425e-b8c4-247fb3738815,2025-11-12T10:52:58+00:00,5,406.0.0.58.159,Ing Yang,406.0.0.58.159,yes is im very happy,0
5030b226-91cd-4abf-bef3-aee705b97605,2025-11-12T10:52:30+00:00,1,405.1.0.57.77,Cole F,405.1.0.57.77,"new UI update is the least user friendly thing I've ever seen, absolute ugly trash",0
29c286f1-a6ee-42d3-be60-c62c9b57ba3b,2025-11-12T10:51:32+00:00,5,405.1.0.57.77,Umang Prajapati,405.1.0.57.77,good,0
30978424-3376-49e4-97c2-bc297ab743bf,2025-11-12T10:51:19+00:00,5,404.0.0.48.76,Rajiv Dwivedi,404.0.0.48.76,nice,0
aaa2ea36-ac0c-4c7b-8b5e-c59d1f6d8e98,2025-11-12T10:51:04+00:00,5,405.1.0.57.77,Abd Disi,405.1.0.57.77,so good üòä,0
fdeb69d0-3cac-4b03-a056-7ff6a38e0440,2025-11-12T10:50:47+00:00,4,406.0.0.58.159,Rohail Raza,406.0.0.58.159,I want to write more words on notes so plz do update on that ...,0
0f79f606-e17d-4eb6-a310-a0b9e61712ed,2025-11-12T10:47:14+00:00,1,405.1.0.57.77,Nagarjuna Nagarjuna,405.1.0.57.77,na lavada lo Instagram modda 5 account lu dengayi lanjakoduku lu,0
ffa707d2-49f4-419f-8e3b-6ad481fddccd,2025-11-12T10:46:03+00:00,5,405.1.0.57.77,Krishna Bhuvad,405.1.0.57.77,king app op,0
404bcb0e-f81c-43d4-ac2a-72fcc003fd08,2025-11-12T10:45:08+00:00,5,,Pandit Nirankar Upadhyay,,good,0
94bf9cbb-052d-4141-971f-70fd837e56bd,2025-11-12T10:45:08+00:00,2,406.0.0.58.159,Deepa Sharma,406.0.0.58.159,nice,0
bae7752e-2b76-40e4-b0d9-9d11430aa033,2025-11-12T10:45:06+00:00,5,405.1.0.57.77,Muhammad Affan,405.1.0.57.77,ÿß⁄Ü⁄æÿß,0
7f7b7805-eac2-44d7-8170-c5302795d7ba,2025-11-12T10:44:32+00:00,5,,Alina Faria,,i love instagram üíóü§©,0
36fca8b1-1921-4d0b-ab8a-54302e344da5,2025-11-12T10:43:51+00:00,5,,Mark Wilkes,,"Wonder!! My Favorite App, such variety, networking, entertaining, therapeutic and so much more!",0
a6eacc65-b8e5-4cae-a38f-6226faa7d2e3,2025-11-12T10:43:36+00:00,5,405.1.0.57.77,Shakib Ansari,405.1.0.57.77,life changing app,0
2a9c971b-2607-4a76-9d83-ec54194605e8,2025-11-12T10:43:02+00:00,3,,Sphephelo Ngiba,,fast time,0
a9c52ec6-844c-4fb7-b3b9-cb1e0c84dd34,2025-11-12T10:42:21+00:00,5,405.1.0.57.77,imran sayyad 07,405.1.0.57.77,nice aap,0
62cabb3e-7202-41e7-ae54-495a2727a19e,2025-11-12T10:42:12+00:00,1,333.0.0.42.91,Mohd Wakeel,333.0.0.42.91,Update please me,0
1b40b7ec-5aa7-4620-a7da-b8c251a578b8,2025-11-12T10:41:31+00:00,1,405.1.0.57.77,Dan,405.1.0.57.77,My account was banned for 0 reason and I can't get back in I emailed them multiple times and nothing has been done very disappointed,0
921caefb-0080-45fc-bf9b-6151f42b0eba,2025-11-12T10:37:26+00:00,5,406.0.0.58.159,Faizan Khan,406.0.0.58.159,instagram is very nice I like instagram,0
f5449df6-5c35-4169-a562-e5019652ecab,2025-11-12T10:35:48+00:00,5,,Rajesh Raj,,amazing,0
06904137-1ea3-490f-b8b8-96179c1a1494,2025-11-12T10:34:17+00:00,5,405.1.0.57.77,Somto Godwin,405.1.0.57.77,Excellent,0
11a20146-bde1-4cd1-93d6-0715e5bce385,2025-11-12T10:34:00+00:00,5,283.0.0.20.105,Manoranjan Barman,283.0.0.20.105,imagine,0
e6de61fc-0528-469f-a599-98cf9bf8159d,2025-11-12T10:33:54+00:00,5,,Arman Khan,,mast he kabhi kanhi dikat hove he,0
dcd5a3dc-93e9-49cc-82b6-3e10919f692d,2025-11-12T10:32:29+00:00,5,405.1.0.57.77,VASU,405.1.0.57.77,me cinematographer,0
70afe95e-2ad5-4efa-a757-9ef65b5efe08,2025-11-12T10:31:20+00:00,1,407.0.0.0.207,Shreya Sharma,407.0.0.0.207,this app is very bed because features are not coming in my account,0
a51c0b5b-33db-44ce-b698-9777b4675247,2025-11-12T10:31:18+00:00,5,403.0.0.49.74,Rafijul Ansary,403.0.0.49.74,I like this Instagram jab jisa mood hota hain wahi hisab sa reels ata Hain ais liya I like this Instagram,0
615bc61d-5a4f-44dc-91f2-33d75205a4c2,2025-11-12T10:31:08+00:00,5,406.0.0.2.159,Madan Mourya,406.0.0.2.159,i am see old version,0
61dc90d6-070e-4c4f-ae05-e5f2edbfd10c,2025-11-12T10:30:55+00:00,1,406.0.0.58.159,Yahya Hajli,406.0.0.58.159,the microphone doesn't work,0
dd3bfee2-a34d-4683-9660-a1f8f0e142fe,2025-11-12T10:29:33+00:00,5,405.1.0.57.77,Mohit Vishwakarma,405.1.0.57.77,I love this app,0
eb230b7d-c2f7-4d0b-91b9-d21511b4eb46,2025-11-12T10:28:38+00:00,5,405.1.0.57.77,Extract SuperOP,405.1.0.57.77,THE BEST,0
21f7c5c4-0bf1-4e07-9c1f-095991460712,2025-11-12T10:28:20+00:00,5,387.1.0.34.85,Arjun Ram,387.1.0.34.85,I am sorry very time west app but good,0
a2bdd0d1-a8cf-4a14-9f9e-97afb1b013c6,2025-11-12T10:27:28+00:00,5,,Navnath Thule,,so amazing app ‚ù§Ô∏è,0
cacf6005-6986-4574-8823-c196963732cc,2025-11-12T10:27:08+00:00,5,405.1.0.57.77,Gabriel Kiplimo,405.1.0.57.77,safe community,0
4e045d21-6170-49dc-b461-f147646caff4,2025-11-12T10:27:07+00:00,5,406.0.0.58.159,Frederick,406.0.0.58.159,superb. ease of use. would highly recommend,0
92f1b93c-83a8-4fed-a55b-42ccfa8d8d6f,2025-11-12T10:26:37+00:00,5,278.0.0.22.117,Viola,278.0.0.22.117,Good and simple to use,0
f54208e0-492c-42d7-b889-d5c31af6fbb7,2025-11-12T10:25:18+00:00,1,374.0.0.43.67,christy zaldivar,374.0.0.43.67,My account keeps getting hacked even though I already 2 factor authentication it and constantly changing my password.,0
d464bae6-d6b7-424d-a15a-f78006c30a40,2025-11-12T10:25:09+00:00,1,406.0.0.58.159,Keiji Ezio Maeda,406.0.0.58.159,A few weeks ago I updated the app after months of not updating. Now the comments don't work correctly. When I reply to something it comes off as a new comment at the top of the comments. It's really annoying and there's no fixing it.,0
2765fb44-732c-455f-a924-7fb511b3fd88,2025-11-12T10:22:59+00:00,5,404.0.0.48.76,Sandeep .s143,404.0.0.48.76,its good,0
da042d41-8234-4b98-8ced-a5551623b221,2025-11-12T10:22:39+00:00,5,406.0.0.58.159,Ranjit Yadav,406.0.0.58.159,good üëç,0
c508cb00-003a-4dea-a247-062a84563992,2025-11-12T10:22:31+00:00,5,406.0.0.58.159,om rawal,406.0.0.58.159,op,0
aed0b167-4beb-42b0-bbdf-ed1af57b7eb4,2025-11-12T10:20:38+00:00,5,333.0.0.42.91,Sharada Pallapati,333.0.0.42.91,nice,0
6b28548d-1338-4cec-bf91-6d248d5b3012,2025-11-12T10:19:49+00:00,5,272.0.0.16.73,Kauthar Willoughby,272.0.0.16.73,Great!!!,0
e4c6641f-3fd4-414e-95d8-05f5afe0391d,2025-11-12T10:19:47+00:00,5,406.0.0.58.159,Siam Mohammad Sayem,406.0.0.58.159,good,0
4e751e97-1550-4f8b-8da7-75cb0626860a,2025-11-12T10:19:31+00:00,5,406.0.0.58.159,Akshay Jadhav,406.0.0.58.159,I love you,0
5996b1bb-7811-41f9-87c2-4498411ea26e,2025-11-12T10:19:18+00:00,5,404.0.0.48.76,Jaseena,404.0.0.48.76,wonderful experience,0
33c050ec-0b60-4208-aedd-745058155943,2025-11-12T10:19:16+00:00,5,406.0.0.58.159,Som Veer,406.0.0.58.159,sombir sombir sombir,0
1e8c3f9f-af7a-4f8a-832d-3885b953853f,2025-11-12T10:19:08+00:00,1,406.0.0.58.159,Muneeb Zeeshan,406.0.0.58.159,"‚ÄúEvery new update makes this app worse. Everything was fine before ‚Äî now the inbox doesn‚Äôt even open, the theme acts weird, and comments stay black even in light mode üòí. Reinstalling doesn‚Äôt fix anything either. This app has turned into an experiment, not a stable version. Please test updates properly before releasing them!‚Äù",0
708433ad-8d57-4695-8334-5da1229146e1,2025-11-12T10:15:36+00:00,1,405.1.0.57.77,Rabin Halder,405.1.0.57.77,very bad,0
f4f0a407-cd11-4e44-8131-8e714b221835,2025-11-12T10:13:41+00:00,5,405.1.0.57.77,Maureen Mutua,405.1.0.57.77,Its the best up!!! Join please i actually rate it a five star!!,0
52486099-b288-46e1-900e-9a45a4067cae,2025-11-12T10:13:05+00:00,3,,Lakshmanan Family,,It's good. But I am unable to add instagram posts as my WhatsApp Status despite the posts being open to all. Don't know where the glitch is.,0
eb3d6e45-3979-49f6-9b21-3da4a6d93888,2025-11-12T10:13:02+00:00,5,405.1.0.57.77,Mahek Valecha,405.1.0.57.77,Worst app,0
2159c8ea-a283-4520-a208-a7d9b3ee38f4,2025-11-12T10:12:04+00:00,5,,Qahira Trenchkid,,Instagram is exceptional ü•≥ü•≥,0
155649bb-aead-4d0a-a3a0-bebe90a8e47b,2025-11-12T10:12:03+00:00,5,406.0.0.58.159,Samad Aileru,406.0.0.58.159,best,0
a5258e1f-3aec-417f-80a7-14b9c301b4c3,2025-11-12T10:11:47+00:00,4,245.0.0.18.108,R. Little akash,245.0.0.18.108,insta destroyed my career and life feeling depression many more I just give 4 stars anyways its bcz of girl who doesn't want me anymore so very sadly I would say bye insta !!,0
90e65174-d84d-40fe-849d-fb19c2b9a1bc,2025-11-12T10:11:35+00:00,1,406.0.0.58.159,Vinay Charan,406.0.0.58.159,instgram not working properly ü•≤,0
c96ba176-f2e4-430c-9d9c-c39dd157b624,2025-11-12T10:11:34+00:00,5,393.1.0.50.76,Abhinav Sharma,393.1.0.50.76,good,0
04f214c1-956e-487a-b736-a9bb4b18dac8,2025-11-12T10:11:34+00:00,1,,Diego Bock,,"The doesn't want to log me into my account on the phone I'm currently using, and neither can my friends log in on their accounts. Also, doesn't let me change password",0
f4706c08-d388-4197-b8a0-94f7236629c1,2025-11-12T10:11:16+00:00,5,404.0.0.48.76,Nada Errefassi,404.0.0.48.76,no comment ‚ù§Ô∏èü§åüèª,0
5246d931-971c-4f8e-bbee-2dab45296aba,2025-11-12T10:10:59+00:00,4,392.2.0.58.78,Darshan Ahire,392.2.0.58.78,awsm experience üíã‚ù§Ô∏è‚Äçüî•,0
fb98dcc1-0cfe-4d46-86ff-ccbde975337d,2025-11-12T10:10:50+00:00,5,405.1.0.57.77,Nafis 07king,405.1.0.57.77,üíØüí™,0
d391ed1a-c4a5-41ce-b18b-10b7f50619d6,2025-11-12T10:09:56+00:00,5,397.1.0.52.81,Arshad Khan,397.1.0.52.81,ok,0
4f5c71b3-36c8-4bb3-96d8-f4603a456959,2025-11-12T10:09:48+00:00,5,405.1.0.57.77,Ved Prakash Dixit,405.1.0.57.77,awesome üëç,0
6d17b461-fa96-4212-ad17-925fdd3aa92c,2025-11-12T10:09:13+00:00,1,339.0.0.30.105,always theone,339.0.0.30.105,Not sure why keep having get hack... Last time its wont like this.. after update to recent version the app suck..,0
86e8d90c-f69c-4a66-881a-40f64026dad3,2025-11-12T10:08:57+00:00,5,402.0.0.49.70,Niyas Nas,402.0.0.49.70,good üíØüíØüíØ,0
d7bfe8c5-a40c-4f05-b91a-c59352d56ae9,2025-11-12T10:08:25+00:00,1,405.1.0.57.77,Sunil Sakhale,405.1.0.57.77,this is no app,0
5df1aaf3-7c11-4fd5-b325-47bf6f985b0a,2025-11-12T10:08:09+00:00,5,406.0.0.58.159,Prabu Raja,406.0.0.58.159,Best Excellent Instagram App,0
9610b5f0-2410-49cf-8128-028bd734d4ae,2025-11-12T10:08:08+00:00,3,406.0.0.58.159,Alishba Iqbal,406.0.0.58.159,"I made a new account on Instagram, but this account doesn‚Äôt have the repost or ‚Äúfriends on reels‚Äù features. I‚Äôve tried everything, but these features still haven‚Äôt appeared.",0
bd868bb4-42ee-4bef-9deb-6f597ffd2e4e,2025-11-12T10:07:29+00:00,1,309.1.0.41.113,Aryan singh,309.1.0.41.113,stop showing my liked reels to others or don't suggest them atleast,0
640da4bc-16b9-4943-8a13-1bb0b91986d1,2025-11-12T10:07:11+00:00,5,,Shiza Tahir,,best app,0
274e7298-2e19-467f-8904-ab9e8243f864,2025-11-12T10:06:54+00:00,1,398.1.0.53.77,Will Hardy-vickers,398.1.0.53.77,Apps biased as there's so much bad stuff on here and they ban normal accounts smh,1
0e2b6350-f4a1-49f1-b1c0-10b768ac2df5,2025-11-12T10:06:28+00:00,1,405.1.0.57.77,mrheroin06,405.1.0.57.77,worst instagram update- WHY DO I HAVE TO SWIPE TWICE TO SEE MY MESSAGES? LET AT LEAST MAKE IT IF I SWIPE RIGHT BUT LET ME SEE MY CONVOS IF I SWIPE LEFT,0
bdd84b6f-faff-4378-a45a-93e521f242c2,2025-11-12T10:05:15+00:00,5,405.1.0.57.77,Mike Larry,405.1.0.57.77,Absolutely the best,0
67d414ff-9578-4b2b-8e67-29d4edd58760,2025-11-12T10:05:07+00:00,5,405.1.0.57.77,Fernan Obe√±a,405.1.0.57.77,its a good app everything is great‚ù§Ô∏èüí™,0
6eb3a2ca-2390-48a9-b613-13d1ea783508,2025-11-12T10:05:06+00:00,5,400.0.0.49.68,Gafur Ansari,400.0.0.49.68,must hai,0
ebaceae1-fda8-45ba-9d80-430cdba890cf,2025-11-12T10:04:54+00:00,5,405.1.0.57.77,Sawera Sehar,405.1.0.57.77,amazing,0
9abc7e41-5e7a-4894-a8fa-a36f2f5df576,2025-11-12T10:04:38+00:00,5,404.0.0.48.76,Ansarul Shaikh,404.0.0.48.76,Best app,0
c36bed63-ce36-4493-9c6b-797cf955f6d4,2025-11-12T10:04:06+00:00,1,406.0.0.58.159,Neeraj Giri,406.0.0.58.159,instagram login nahi ho raha haiüò≠,0
f18d5d22-6f7c-4c31-ac0f-bbbadc3be73e,2025-11-12T10:03:52+00:00,1,387.1.0.34.85,Rick Wilson,387.1.0.34.85,turned into garbage,0
6a5e1241-d583-4d68-a865-bd428bf78363,2025-11-12T10:03:50+00:00,1,355.0.0.0.64,Sarthak Srivastav,355.0.0.0.64,"I am experiencing this for past 2 days that I have been temporarily banned from liking reels even if haven't done anything wrong app keeps hanging all the time,my id frfr.sarthak",0
17f0244a-c4db-4316-be64-9d7f7010ef11,2025-11-12T10:03:46+00:00,1,406.0.0.58.159,Kanti Devi,406.0.0.58.159,Instagram not recovery,0
ac8845c9-65bf-491b-bfd2-6911254c9a85,2025-11-12T10:03:41+00:00,5,,Georgie Gooseman,,I run this app,0
59334e71-eac7-46d4-bf20-3c0c12d83b3d,2025-11-12T10:03:29+00:00,4,405.1.0.57.77,Shaurya Parab,405.1.0.57.77,_ayushi._88 is has dp of my cat please delete her/his account and i don't know who is she.,0
cd09c8ae-8e3c-4300-b33a-1d27217bb680,2025-11-12T10:03:26+00:00,1,406.0.0.58.159,yoshiko murasaki,406.0.0.58.159,"i hate Instagram because i cant repost, but a few hours later i can, but then again I CANT this is so annoying! just let mw repost!!",0
734c5d1c-05e8-41e8-a3d0-f5321cc2abbd,2025-11-12T10:02:03+00:00,5,198.0.0.32.120,Elia Bagheryan,198.0.0.32.120,ÿÆŸàÿ®Ÿá,0
6524f267-cf32-4468-b8af-69c17f24a00a,2025-11-12T10:01:06+00:00,2,,Mangal Bedbansi,,Nice,0
caa9bf4a-e8a5-411c-b0a5-433e4f362747,2025-11-12T10:00:08+00:00,5,250.0.0.21.109,Sami Ouni9,250.0.0.21.109,"Please I have a problem When I try to open my account you say ""something wrong, please try again"" I want a solution please",0
63db0978-8022-4292-abd7-e57a7c6dbfc4,2025-11-12T09:58:54+00:00,5,406.0.0.58.159,Franklin Gatheru,406.0.0.58.159,good,0
2d553dac-2e1f-4afb-a13d-36f3b17b6567,2025-11-12T09:57:24+00:00,5,406.0.0.58.159,vikram,406.0.0.58.159,nice app i like it,0
3c44530c-8de6-4c7e-aeeb-5e2e185a8beb,2025-11-12T09:57:17+00:00,4,405.1.0.57.77,Srihith Chary,405.1.0.57.77,"I give it 4 stars because we can communicate, talk each other and sending reels. and we can edit our own videos too.",0
9c684084-d9ed-4ec6-b2c6-901a2d1233a2,2025-11-12T09:55:45+00:00,5,404.0.0.48.76,Kaushal Rajput,404.0.0.48.76,nice app,0
9a41dae9-9f35-4b3f-8eee-9b53b869a4c0,2025-11-12T09:55:05+00:00,5,405.1.0.57.77,suriya 7788,405.1.0.57.77,good,0
cead2449-e213-4e90-86f4-bf5de3b87db4,2025-11-12T09:54:59+00:00,2,404.0.0.48.76,Preksha Devadiga,404.0.0.48.76,baddddddd,0
c795cdc6-a4dc-4d55-b2e6-0de568ac9bf0,2025-11-12T09:54:48+00:00,5,405.1.0.57.77,Gift Odhiambo,405.1.0.57.77,Instagram is interesting and it makes me happy üòä,0
eb534bd5-b9f0-47eb-99bb-5b0a41d7037e,2025-11-12T09:54:38+00:00,1,403.0.0.49.74,Renu Dubey,403.0.0.49.74,fake id jyada ban rahe hai,0
75918da5-39d3-447a-9671-6a03e9472ae5,2025-11-12T09:54:36+00:00,5,406.0.0.58.159,Chinta Deekshith Maharaj,406.0.0.58.159,üíì,0
9d6f3063-3971-479a-97c5-0551df22fb8e,2025-11-12T09:53:35+00:00,5,406.0.0.58.159,sareh farhadi,406.0.0.58.159,very good,0
bc437b85-ae67-4373-bbca-0f322d877de8,2025-11-12T09:51:28+00:00,5,405.1.0.57.77,Yash Yadav,405.1.0.57.77,subhanallah,0
173ff433-fa18-4361-9c05-af781071384e,2025-11-12T09:51:12+00:00,5,296.0.0.35.109,Rohit Mondal,296.0.0.35.109,good,0
36a3e88f-1e72-4151-ab8d-465a9ddbdadd,2025-11-12T09:50:13+00:00,1,406.0.0.58.159,Raya Gore,406.0.0.58.159,why my account is deactivated even with no post nothing no violence,0
bdd32cf5-ab30-46b2-923e-419df2331048,2025-11-12T09:49:58+00:00,5,405.1.0.57.77,Sejal Narvekar,405.1.0.57.77,wonderful üòòüòä,0
b146e76c-d7d1-4a84-afb3-14691f9bce0f,2025-11-12T09:49:50+00:00,5,406.0.0.58.159,Rustum Sk,406.0.0.58.159,nice app,0
68ab4cac-eee3-4403-a7a3-6517acb0eac2,2025-11-12T09:49:14+00:00,1,407.0.0.0.227,M…ôdin…ô V,407.0.0.0.227,"Somehow glitches, and I can't open the app",0
b02846b4-6deb-4408-b1ba-d801f49d3cf8,2025-11-12T09:49:05+00:00,5,333.0.0.42.91,BALRAJ CHINNAPPA,333.0.0.42.91,nice and beautiful,0
47cf3a24-39b1-4977-96d3-2f6c8d241fed,2025-11-12T09:48:18+00:00,1,270.2.0.24.82,Kunwar.Satyam Singh Chouhan,270.2.0.24.82,only distracting,0
cf93a780-db08-4488-88be-a1f2e1c5aec3,2025-11-12T09:48:11+00:00,1,,Kamlesh Kamlesh barwa,,"to recover my instagram acount please sir, üò≠ please üôè",0
e32e89e8-7fb9-4a06-a77c-031939e4f1cd,2025-11-12T09:46:48+00:00,4,404.0.0.48.76,Amit Kumar Maurya,404.0.0.48.76,Nice üëç,0
35e21130-9a37-4e62-a4b9-30a097b2265e,2025-11-12T09:46:42+00:00,5,,MD.MOKTER HUSSAIN,,okay...,0
34695ebc-e284-4ce5-8f86-e820d7f39a23,2025-11-12T09:46:28+00:00,5,401.0.0.48.79,Blink,401.0.0.48.79,best app to meet any random people and make bond to them<3,0
ccb68752-dff4-49cd-a62a-b93be3050d9f,2025-11-12T09:46:16+00:00,5,405.1.0.57.77,Shikhar Gupta,405.1.0.57.77,best app for reels,0
5dd3d518-a3d7-4142-9631-841f4f6151e6,2025-11-12T09:45:38+00:00,5,405.1.0.57.77,Nisha Yadav,405.1.0.57.77,nice,0
537b0742-e5ec-4529-ad85-6f51c1430ee1,2025-11-12T09:45:34+00:00,5,,Haji Jasor,,ÿ¨ÿßÿßŸÜŸÖ,0
434b38b6-1f53-425b-b31b-e86606d32673,2025-11-12T09:45:24+00:00,5,,Mariam Hamisi,,look so nice,0
b28664b1-f713-4f5e-8156-24630c160654,2025-11-12T09:44:44+00:00,5,376.1.0.55.68,Sudeer Kumar,376.1.0.55.68,"superb Application, U can put more features in Instagram, Thank you",0
d61f53d3-b3b3-4166-b383-93aa69c88bcd,2025-11-12T09:44:17+00:00,5,405.1.0.57.77,Vighnesh Shidruk,405.1.0.57.77,üíó,0
92073cd7-ba8d-45e8-b311-ec2325fffbe7,2025-11-12T09:44:14+00:00,5,405.1.0.57.77,AYUSH PINJANI,405.1.0.57.77,‚ô•Ô∏è,0
9f90de5d-0604-480b-8067-9adba07c2501,2025-11-12T09:43:38+00:00,5,405.1.0.57.77,Shaik Faizan,405.1.0.57.77,nice,0
958b120f-b627-4ef3-9443-76568c4ad615,2025-11-12T09:43:34+00:00,1,405.1.0.57.77,narmathaa sadagopan,405.1.0.57.77,I gave update but not working filter and i gave updated but lots of filter not work,0
578194c8-f06e-40a7-ac6c-e47c7a5982c9,2025-11-12T09:43:07+00:00,5,278.0.0.22.117,Auwal Ahmad,278.0.0.22.117,Nice app,0
3edd10e9-96f7-4617-b975-49b6803973d3,2025-11-12T09:42:47+00:00,5,369.0.0.46.101,Radhika Chouhan,369.0.0.46.101,best,0
2b1cb803-74de-4f18-8a9e-93a367e94761,2025-11-12T09:42:27+00:00,3,,Ariba Siddiqui,,keeps crashing! my phone is fully capable of handling heavy games but I don't know why insta keeps crashing every now and then. there are new bugs very frequently. I don't know. It makes my experience very poor sometimes.,0
b677cc82-c6c9-43b7-a1b4-37bdba59d805,2025-11-12T09:41:05+00:00,1,406.0.0.58.159,Marcus Bissoon,406.0.0.58.159,"continues to recommend posts from accounts I don't follow even though i have ""suggested content"" snoozed (not ads, but they are crazy now too)",0
ca70b43b-390c-4150-b0cf-dcf47346e715,2025-11-12T09:41:05+00:00,1,155.0.0.37.107,Hanzo,155.0.0.37.107,my account got suspended unnecessarily I don't know how,0
b77347ad-c875-42f2-81e5-70169ae5ad2b,2025-11-12T09:41:05+00:00,5,404.0.0.48.76,Kichu ƒ∂k,404.0.0.48.76,nice exp,0
471512fd-889d-4233-ae51-c22841cffadc,2025-11-12T09:40:54+00:00,5,,Golaf Choudhury,,good app Instagram,0
d3608ea0-cddd-47ea-8b1e-a68c8e932005,2025-11-12T09:40:26+00:00,5,,Sunny Asem,,amazing,0
8a8162d4-38bb-4e4d-bf73-4cc5b3866887,2025-11-12T09:39:34+00:00,1,,William Wegge,,a waste of time. go meet real people and touch grass if you have the option.,0
a2501eee-40e4-4f51-a655-1eb70a10b793,2025-11-12T09:39:18+00:00,1,362.0.0.33.241,Ajay Behera,362.0.0.33.241,so irritating back episode please ban,0
8081dda1-c81a-4b52-8a65-2b870d870670,2025-11-12T09:38:30+00:00,3,,Arwa,,I don't know why the most features aren't available,0
a48696c1-dfc9-4b70-9da7-438e10fa1130,2025-11-12T09:38:25+00:00,3,,Kaisar Rana,,ok,0
7ca9ba83-b046-4d16-9029-92cdcf2c619e,2025-11-12T09:38:10+00:00,5,404.0.0.48.76,Santhiya M,404.0.0.48.76,nice üëçüèª,0
78d9f37e-b2d3-403d-b1df-15f0b2d5250c,2025-11-12T09:37:36+00:00,2,,Minaakshi Birla,,Not able to use the effect while creating a reel or post for so long time.. Kindly fix the issue ASAP.,0
1b47d146-8367-46f2-b930-5e167cda3294,2025-11-12T09:35:33+00:00,5,,Kritika Krishan,,best app for the all timeüå∑‚ú®,0
7843aee9-4c69-417d-aa42-0d63784c4e5a,2025-11-12T09:35:31+00:00,4,,Gary Graves,,confusing.,0
4c972af0-a3f1-4835-9efa-dc3c8bf40129,2025-11-12T09:35:13+00:00,5,402.0.0.49.70,ÿ±€åÿ≠ÿßŸÜŸá,402.0.0.49.70,good,0
30c798ff-bab3-4944-8a47-8805fd2c83c4,2025-11-12T09:35:10+00:00,1,,arush pattnaik,,"faltu App westing is Time, future, health wellness.",0
bba93dd0-bc53-4846-94d4-4314d9c95262,2025-11-12T09:34:55+00:00,2,406.0.0.58.159,Abhoy Das,406.0.0.58.159,don't know why but there are a lot of bugs.. i experienced from yesterday,0
44c1c036-d266-49af-bf33-10e71b07fc42,2025-11-12T09:34:42+00:00,5,406.0.0.58.159,Arun singh Tomar,406.0.0.58.159,Best app!!üéÄüßø,0
74baf75e-07bb-4791-9c8f-a8f33fc78d0d,2025-11-12T09:34:38+00:00,5,406.0.0.58.159,simangele ngwenya,406.0.0.58.159,"great app, loving the new features üëåüèΩ",0
58126252-8822-4412-bc93-c014460023ca,2025-11-12T09:34:30+00:00,5,,Aakif Raza,,nice üëçüëç,0
2615e8a3-9cfa-47fa-9693-1bd6e2e05494,2025-11-12T09:34:27+00:00,4,,Waseem pasha,,good,0
5be0d508-8ca7-449a-8ccf-23daba2e0b87,2025-11-12T09:33:12+00:00,5,406.0.0.58.159,Deepak Kumar,406.0.0.58.159,please to my instgram instal problam,0
d4b8112c-be05-486c-b752-d9411a7c1b6e,2025-11-12T09:33:04+00:00,1,,Chitransh Sahu,,"Cant use the website, Webapp, Cant use any older versions what the hell these people doing?",0
7c459da0-300c-41f4-9715-7d33dafc1daa,2025-11-12T09:32:46+00:00,5,406.0.0.58.159,Silk Saree,406.0.0.58.159,thank you,0
3354203c-5876-4379-b825-397b35c7bac4,2025-11-12T09:32:19+00:00,1,403.0.0.49.74,Sawan Tirkey,403.0.0.49.74,worst app man in this app girls didn't reply my messages and they showing off their attitude üòí,0
c12b40de-5548-470c-b3bd-519721176eb1,2025-11-12T09:32:15+00:00,5,405.1.0.57.77,Anita Shaw,405.1.0.57.77,üíùüíù,0
2543fe03-1890-4f7e-bf67-4b89c469b1ee,2025-11-12T09:31:24+00:00,5,,Kishan Singh,,good,0
61f7c2be-2793-45d5-bdb2-159f6d51e752,2025-11-12T09:31:04+00:00,1,404.0.0.48.76,Mohammed,404.0.0.48.76,new update backar,0
2523f4fa-e35f-4f92-b24e-1bd0398614bc,2025-11-12T09:30:39+00:00,5,405.1.0.57.77,Akku,405.1.0.57.77,üòÅüòÅüòÅü§ç,0
9d931958-d277-491d-9d4c-c88c9b68ce39,2025-11-12T09:29:59+00:00,5,,Harsh Parmar,,Very Very Very Very Very Very Very Very good merejbiuro thanks instagram oner,0
087dfbbb-ecf3-444a-9bd2-9a997eea8da4,2025-11-12T09:29:16+00:00,5,,Juhaifa Siraj,,Lovely üíï,0
e3353015-4679-45bd-a920-7b87d571b4a6,2025-11-12T09:28:36+00:00,5,406.0.0.58.159,mfloydo,406.0.0.58.159,Easy to use.,0
c38826cf-005e-433f-b0b9-6b59832606f7,2025-11-12T09:28:34+00:00,5,404.0.0.48.76,Saloni Verma,404.0.0.48.76,love it ü§©,0
18b757a5-b695-4032-b27d-c41b84fe5dae,2025-11-12T09:27:14+00:00,3,,Anuradha Prattipati,,"there are some issues in the instagram, while i was posting my post on ig, the song isnt playing",0
07c7997a-fabe-4a8d-8aeb-4a99896e02f0,2025-11-12T09:26:26+00:00,5,400.0.0.49.68,Aizak Borang,400.0.0.49.68,it's so interesting,0
dd704cf5-fc88-41ff-82fa-b0fd4bb889f9,2025-11-12T09:26:25+00:00,1,406.0.0.58.159,Abdul Haadi,406.0.0.58.159,such a nice app,0
60d7c354-cb08-477a-8241-c939fc0eee67,2025-11-12T09:26:07+00:00,5,,Leonel Gicheru,,love it üëçü§™üòù,0
b3a6d411-6254-480c-aeaa-0e83d0d7d460,2025-11-12T09:25:41+00:00,5,362.0.0.33.241,Shubham Chohan,362.0.0.33.241,So smhuth,0
57afed41-9d17-4f46-99a5-3e63ada410ca,2025-11-12T09:24:51+00:00,5,406.0.0.58.159,Saurabh Sharma,406.0.0.58.159,awesome app,0
36acb55c-5712-48b4-8fdf-cca403647fe9,2025-11-12T09:24:35+00:00,5,405.1.0.57.77,Faiqe Yash,405.1.0.57.77,its amazing app,0
1cc43068-482b-4060-8774-b4665148c52f,2025-11-12T09:24:04+00:00,5,,Rana Usman mushtaq,,good üëç,0
9ba0179b-a551-4222-8725-3df5db38ca7f,2025-11-12T09:23:41+00:00,1,,Joshua Omondi,,the people of instagram suspend peoples accounts I don't know why but it is not good,0
3e4e0d1d-5410-4ef4-88f5-f15b34a8af3e,2025-11-12T09:23:24+00:00,5,404.0.0.48.76,Hashmi Asfhaque,404.0.0.48.76,best social media platform,0
e8f40c23-e7b7-4e08-a8e3-2cad184a4d3c,2025-11-12T09:23:11+00:00,2,405.1.0.57.77,Tina Barik,405.1.0.57.77,nice app but suddenly I face a problem...that is I can't login my account in any other mobile and I can't able to login other account in my mobile while I know the correct paasword...I try many methods but those are not working...so please help,0
1c7d70f1-026a-4cbf-b670-5dbf5e18d87a,2025-11-12T09:22:49+00:00,2,406.0.0.58.159,Onishkar Madu,406.0.0.58.159,ok but I didn't get tamil songs for my posts and story,0
84096fbc-867a-49bb-a862-24575634a82f,2025-11-12T09:22:14+00:00,5,,MD SUJON,,Good,0
089ed8ee-8c64-490d-960f-f0fbdb7f631c,2025-11-12T09:21:53+00:00,5,,Kadir Khan,,this app is cool and awasome‚ù§Ô∏èü•∞üí´,0
b1396b17-e9e6-473a-8bf8-3ec9c6c4036c,2025-11-12T09:20:20+00:00,5,405.1.0.57.77,hindi song ajeet,405.1.0.57.77,thank you Instagram support karne ke liye,0
f5e728ed-5635-4c98-a42e-d3e01179954c,2025-11-12T09:20:09+00:00,1,,tharma ashwin,,I don't like insta lastest update.It is very irritating.I kindly request you to please cancel the update.,0
b2c6dab5-c43d-40c8-9ecf-7e393a460711,2025-11-12T09:20:01+00:00,5,406.0.0.58.159,Mahammad Galib,406.0.0.58.159,Excellent,0
d76f0d9f-4700-4ee4-93df-d4021c64be96,2025-11-12T09:19:13+00:00,4,406.0.0.58.159,Nilanka Abeyrathna,406.0.0.58.159,what happened to the songs???,0
3f94a373-90b7-4f2f-b6b3-bcce170814be,2025-11-12T09:18:28+00:00,5,406.0.0.58.159,Jeet Saini,406.0.0.58.159,saini ge ki or sa Instagram acha ha,0
d084e21b-ee6b-4a53-8a8b-914b52777132,2025-11-12T09:18:02+00:00,5,,Ahmad,,it's well and good üíØ,0
445bfbb4-6961-461b-945e-d08b4e491de8,2025-11-12T09:17:03+00:00,5,405.1.0.57.77,S B,405.1.0.57.77,Excellent!,0
719e2aa5-bc3c-47c1-a12c-7f5f2d2b4200,2025-11-12T09:17:00+00:00,1,406.0.0.58.159,Mohammed Rayan Ali F,406.0.0.58.159,my notes is not working üò≠,0
d539402d-0f8f-4307-8115-2f0c7e69b159,2025-11-12T09:17:00+00:00,5,,Pankaj Singh,,best aap hhhh,0
ad8aeda1-a965-44ce-93eb-ffa3bad7ee9e,2025-11-12T09:16:48+00:00,4,405.1.0.57.77,Ashok Gaikwad,405.1.0.57.77,very good,0
d187665a-8db9-4f9b-89df-310a1df26491,2025-11-12T09:16:26+00:00,5,406.0.0.58.159,Nilofar Tare,406.0.0.58.159,super,0
4c091562-8aa5-4aed-8373-004664191576,2025-11-12T09:16:14+00:00,5,406.0.0.58.159,Ranjit Das,406.0.0.58.159,I love you Instagram,0
9f9f0547-794b-4f40-8e8a-46b02d760ee5,2025-11-12T09:16:09+00:00,1,,Sujit Pradhan,,Hi Instagram Community My All Accounts Was Suspended Why Please Describe The Reason üôèüò≠,0
f6d08a6d-321d-4fc8-a529-5b0fab0ac864,2025-11-12T09:15:53+00:00,5,406.0.0.58.159,Prem Bagal,406.0.0.58.159,l like this app very much,0
a6eb9b6f-d481-4951-8c66-a29e9eebcb38,2025-11-12T09:15:52+00:00,4,404.0.0.48.76,obilomoses,404.0.0.48.76,nice,0
abdc121d-da9d-45f3-945b-3cd3fbc3fe62,2025-11-12T09:15:26+00:00,5,405.1.0.57.77,Rakesh Mondal,405.1.0.57.77,nice,0
8e022630-e006-4e96-83fc-4d895160a251,2025-11-12T09:15:25+00:00,5,404.0.0.48.76,Pramod Kumar,404.0.0.48.76,Nice very very nice,0
8c3c5ef4-49f5-4f6e-b83f-f3690a39913a,2025-11-12T09:15:16+00:00,1,402.0.0.49.70,Adeeb Khan,402.0.0.49.70,only my instagram is not giving me the reposting update and that is only the problem i have . i hope instagram will do something,0
cc8ec89a-64c6-400c-b256-b240b126a90b,2025-11-12T09:14:02+00:00,5,406.0.0.58.159,Mohammed Anas,406.0.0.58.159,good experience,0
e78d79ee-a6a2-4241-965a-cde660866bea,2025-11-12T09:13:44+00:00,5,404.0.0.48.76,Babli Sharma,404.0.0.48.76,very good,0
dac6d3f6-3aae-4460-8f31-31227b3c74a4,2025-11-12T09:12:53+00:00,5,278.0.0.22.117,Nikhil Prajapati,278.0.0.22.117,Good,0
dc3c0746-2c55-4220-b502-2b0a73536458,2025-11-12T09:12:03+00:00,5,406.0.0.58.159,Ankit Tabla,406.0.0.58.159,üëçüëçüôÇüôÇ,0
4ee877bb-f0fb-4811-a4a2-9f0fb2252ff1,2025-11-12T09:12:02+00:00,5,333.0.0.42.91,Bishuepa,333.0.0.42.91,this is one of the social site I smoothly use ever & I can share my creativity.,0
7ca8f7d9-8403-4f4c-82b2-686aef3a2451,2025-11-12T09:10:40+00:00,1,405.1.0.57.77,Gourav saini,405.1.0.57.77,üëéno words,0
113250ea-3c78-4e6a-bb9d-c41287cb1bc6,2025-11-12T09:10:05+00:00,5,,Datu Karim,,very amazing,0
eb3e52ac-19c6-48ff-9a30-0c25b3a1be76,2025-11-12T09:09:51+00:00,5,372.0.0.48.60,X Daimond,372.0.0.48.60,good app for my life,0
317a7096-5c89-4e13-a29e-7d25ee37550d,2025-11-12T09:09:25+00:00,2,406.0.0.58.159,Morgan Cash,406.0.0.58.159,don't ever see my actual friend's posts,0
5766916c-11ee-4394-9741-4c0d9f8fde0d,2025-11-12T09:09:12+00:00,2,406.0.0.58.159,rishitrivik,406.0.0.58.159,"I‚Äôve been watching reels on Instagram all day, just passing time. üò¢ I feel like I‚Äôve fallen into an illusion and started forgetting the real world. I find more information there than I actually need, but mentally it‚Äôs draining me. üòÆ‚Äçüí® Instagram is both good and bad‚Ä¶ a very dangerous app.",0
5d3983cd-67d6-4427-8524-c392dabf8999,2025-11-12T09:09:05+00:00,2,406.0.0.58.159,Surendhar Sure,406.0.0.58.159,business very worst,0
082dc564-c65d-4b65-acc2-1689c5d9973a,2025-11-12T09:08:56+00:00,5,406.0.0.58.159,Alison Tirkey,406.0.0.58.159,nice app,0
b1aa2781-7df2-4c57-b29c-27756cd5656b,2025-11-12T09:08:53+00:00,5,406.0.0.58.159,Sartaj Ali,406.0.0.58.159,"Hello Instagram Team, I‚Äôve been creating high-quality and positive videos with full dedication, but still my views are very low and I have only around 270 followers. I really love making content and want to grow on this platform, but it feels disheartening when good videos don‚Äôt get the reach they deserve. Please help me get a fair chance so that my hard work can reach more people. Thank you for your support and for helping creators like me. üôèüí´",0
dc489597-e0fd-4362-871e-b7a3d2f48e21,2025-11-12T09:08:39+00:00,5,405.1.0.57.77,Vishal Kumar,405.1.0.57.77,nice aap,0
bb541181-f1ce-4769-8998-1c791bcd7eb0,2025-11-12T09:08:36+00:00,1,405.1.0.57.77,Manoj Sevakula,405.1.0.57.77,worst app ever contagious and waste of time,0
9c36031f-ad85-446d-a95b-532158ff737f,2025-11-12T09:08:07+00:00,4,406.0.0.58.159,Murali Shree,406.0.0.58.159,App is simply good and bad too ..,0
12eac650-375f-4031-8ef4-40febbf5ad5c,2025-11-12T09:08:05+00:00,5,396.0.0.46.242,Maria TN Shipahu,396.0.0.46.242,I'm knowing new people,0
920b9021-c65f-49ca-b64a-03fbb2e3f063,2025-11-12T09:06:02+00:00,1,,JP LENKA,,"my id name is ie.kanhax i don't know why Instagram disabled my id , i want my id back i would please request you to take some necessary step and please give my id back",0
6fa0c808-3b3d-4a91-9d68-35200f82919c,2025-11-12T09:05:46+00:00,5,,Tradinglegend,,Best appp broopo9ooo,0
9edfac85-fbd9-4967-a42b-c0965a60b9dd,2025-11-12T09:04:48+00:00,1,,Sam,,my account has suddenly logged out and I can't receive codes from instagram and if I try from the gmail I get code and it shows an expected error has occurred and it gives mail that password has changed but when we put the password it shows incorrect and error has occurred.please help me instagram to get over this problem I need my account please . please give back my account I beg you.i have mailed the problem but no response.please instagram help me .I request you a lot please,0
65118f0d-30a8-4363-a812-4443ecc6293d,2025-11-12T09:04:00+00:00,5,,Fayyaz Hussain,,for you,0
bbdb67e2-331f-42f8-928c-8759311c1e40,2025-11-12T09:02:28+00:00,5,403.0.0.49.74,rrayurveda,403.0.0.49.74,üëç good,0
983d5e1a-100a-485c-ae19-e7edd03753b4,2025-11-12T09:00:33+00:00,5,404.0.0.48.76,Merveilles Merveilleux,404.0.0.48.76,"la meilleure application, formidable et incroyable üòçüòç",0
9ebfda7a-313e-4481-8672-c84f9188cd05,2025-11-12T09:00:12+00:00,5,,Bhupender Saini,,best,0
c9bcd16b-bfe9-479d-8cfb-a33292d8c9be,2025-11-12T08:59:39+00:00,1,407.0.0.0.227,Nehal Satani,407.0.0.0.227,Update version not working after updating latest version,0
129e1a92-7788-47e3-bd4e-0d70c9473eb5,2025-11-12T08:57:55+00:00,5,,Sami Dad,,very amazing,0
9732f153-8cbd-4e15-a31e-76f04885bcf7,2025-11-12T08:57:40+00:00,5,405.1.0.57.77,Pj Yadav,405.1.0.57.77,Excellent,0
e6e1df0a-bd82-451d-b17a-85382678c129,2025-11-12T08:57:34+00:00,3,405.1.0.57.77,ABHISHEK THEERTH,405.1.0.57.77,so many bug in chat,0
a4a7133b-b11b-4be6-a340-0633bf2e06c0,2025-11-12T08:57:02+00:00,1,400.0.0.49.68,Vikas Saini,400.0.0.49.68,"worse app i create a account after 30 minutes my account suspended, i didn't know why , I can't post any reel and not like any reel and neither coment any reel",0
772bf207-bed7-4157-b290-5c7fe8725f4f,2025-11-12T08:56:57+00:00,5,405.1.0.57.77,Mayank Yadav,405.1.0.57.77,I like this aap,0
905a37b4-4619-4d51-9ad6-6edf23892892,2025-11-12T08:56:36+00:00,5,405.1.0.57.77,Kashish Yadav,405.1.0.57.77,mind blowing app ü§üüëå,0
cd366f14-7cc5-49a7-b353-d24cf767db10,2025-11-12T08:56:36+00:00,5,,Ali BABA,,very very good social media platform,0
bae9d01e-8299-41d9-9823-47e9db774f24,2025-11-12T08:55:02+00:00,5,,Aditya Shedage,,‡§®‡§ø‡§µ‡§°,0
be1e7181-73a5-40f3-9f58-cb0ffdf3ecc7,2025-11-12T08:54:45+00:00,4,,Khilesh Sahu,,like,0
a1710e49-b9bb-4a71-9968-8d1ab3d4cac0,2025-11-12T08:54:27+00:00,1,,Aman Tiwari,,main jitna bhi apna account bana raha hun pagal Kar Diya ja raha hai,0
ea78d8cb-54bf-44ce-91d0-16e19d2de92d,2025-11-12T08:52:40+00:00,5,405.1.0.57.77,Shobha Pawar,405.1.0.57.77,awesome üòé,0
63de79eb-cac2-4bad-b8d1-42531f0d3a75,2025-11-12T08:50:57+00:00,5,406.0.0.58.159,Mohmmad Kaif,406.0.0.58.159,naice instagram,0
2ec0a48b-58e1-43fc-8045-389eda96550b,2025-11-12T08:50:35+00:00,1,,ABHINAV VLOGERS,,please give my account back which you taken by giving me a message of appeal abhinav_yogi._ i want this account back,0
ddc63134-8d0d-4187-8bc8-4d6bd86aff5b,2025-11-12T08:49:47+00:00,5,405.1.0.57.77,MOHIT GUJAR,405.1.0.57.77,awesome üëç,0
aa4e5fd3-496f-418c-92a7-6f5897c194f2,2025-11-12T08:49:40+00:00,1,405.1.0.57.77,Raksha Vishwakarma,405.1.0.57.77,The old id disabled without my concern that I am still not getting any updates thru mail and Data very bad response from insta team,0
1343c9cf-c09e-4712-a825-51d1668fcc7f,2025-11-12T08:49:22+00:00,1,405.1.0.57.77,Prince Sharma,405.1.0.57.77,not most üòî,0
67a61414-216c-4651-921a-173f4d9544d7,2025-11-12T08:48:29+00:00,5,406.0.0.58.159,Shaiq Raja,406.0.0.58.159,good,0
8a281d0e-b99b-4467-85c1-d339f43709d2,2025-11-12T08:48:23+00:00,5,406.0.0.58.159,Mu Alim Kedavee,406.0.0.58.159,good,0
bd83ea07-750d-4880-8899-8e45c23a1f52,2025-11-12T08:48:08+00:00,5,403.0.0.49.74,Ahsaan Ul haq,403.0.0.49.74,very very excellent app,0
35b5650b-3b74-4530-baba-adbb86740d64,2025-11-12T08:47:50+00:00,1,406.0.0.58.159,Abdul Mateen,406.0.0.58.159,Good app,0
248c346a-a02f-49d3-9deb-fa6481d155bc,2025-11-12T08:47:49+00:00,5,406.0.0.58.159,Arjun Soren,406.0.0.58.159,please update my Instagram account,0
6fdae27a-c067-4fbc-9d63-94478ffaa9a5,2025-11-12T08:46:52+00:00,5,387.1.0.34.85,Mack Haiden,387.1.0.34.85,ü•∞üòò,0
e5289da5-8240-4209-88d0-23793e2c6dcf,2025-11-12T08:45:46+00:00,5,,Only gaming,,instagram is very good aap and so nice too use,0
b026d58b-ba98-46f6-be2b-a77dc7d9a5d3,2025-11-12T08:45:28+00:00,5,,Raj Prajapati,,soooooooooo oooooo good üëçüëçüëçüëçüëçüëçüòäüòäüòäüòäüòäüòä,0
b0b5fad2-b422-499a-bb65-3ceba88499ae,2025-11-12T08:44:57+00:00,5,405.1.0.57.77,kaajal Mittal,405.1.0.57.77,delicious,0
a598b90f-f2d1-4b07-9dc2-5a4ce1c6d22c,2025-11-12T08:44:33+00:00,1,372.0.0.48.60,Ritesh,372.0.0.48.60,worst app i have ever used i have deactivate my account and now for activating that account it shows ( instagram sends a msg ) but actually their is no sms by instagram...by that i lost my account,0
26a3a4c3-e26d-4bb7-ae8a-4be3bf783806,2025-11-12T08:44:03+00:00,1,406.0.0.58.159,Julien McGann,406.0.0.58.159,Meta AI keeps banning profiles.,0
0a5fd327-5433-493d-90fa-1779fe9818ab,2025-11-12T08:43:01+00:00,5,404.0.0.48.76,Shayne Mufudzi Matambo,404.0.0.48.76,really gud,0
777a5fdd-ab6d-4ed5-924a-052ed22cc76f,2025-11-12T08:42:59+00:00,1,406.0.0.58.159,Jayshawn Irving,406.0.0.58.159,I was just making another acc for my YouTube then when I was done then I got on my other ACC it said I was suspended like what did I do u can check my instagram I didn't do nothing then it's saying I put the wrong password that's a lie,0
b6976e2b-5fb1-4de0-b88a-32cbbc5fa13f,2025-11-12T08:42:58+00:00,5,404.0.0.48.76,Sk Alamgir,404.0.0.48.76,Nice app üëç,0
33339e26-1279-41ea-a4ee-b08705a4af36,2025-11-12T08:42:57+00:00,5,406.0.0.58.159,Pradnyan phad,406.0.0.58.159,nice app,0
506ba079-57ee-498b-a34b-c6198669193e,2025-11-12T08:41:47+00:00,1,406.0.0.58.159,VIKAS kumar Roy,406.0.0.58.159,everything is good but there should be a dislike option,0
030d9404-9076-414e-a657-5bfaecac13b1,2025-11-12T08:40:00+00:00,5,405.1.0.57.77,Mimansha Xalxo,405.1.0.57.77,bahut hi acha app h thank you so much isme ham aapna recharge bahut hi asani se kr sakte h,0
2299e8d7-89f7-4d60-85e2-3a71a1cd4088,2025-11-12T08:39:24+00:00,5,405.1.0.57.77,Aifuagbon Joshua,405.1.0.57.77,nice appreciate,0
53fb1189-9346-402c-a42e-b88eee38451a,2025-11-12T08:37:44+00:00,1,,Mohd Jilani,,I can't login my account showing incorrect password error,0
4f3babc7-cfab-4f69-9bc1-5ec4046d3c57,2025-11-12T08:37:43+00:00,5,,Komal chohan Chohan,,best,0
11065e91-0f4f-4edd-9290-0b6bb6fc5fc0,2025-11-12T08:37:26+00:00,5,405.1.0.57.77,Chelsie Hudson,405.1.0.57.77,absolutely love this app,0
46a48ebe-0db1-4e26-9e73-1527f14cbc5f,2025-11-12T08:37:19+00:00,5,,Raj Shekar,,it's a very use full platform if you use it well.,0
03073f62-6a74-49ba-b4b7-dc0ef91d3812,2025-11-12T08:37:15+00:00,1,405.1.0.57.77,PRASHANT BHADALE,405.1.0.57.77,this is a virus ü¶†,0
a75bc179-8eef-42fe-8111-39e15dab289e,2025-11-12T08:37:03+00:00,5,400.0.0.49.68,nawaz,400.0.0.49.68,Great,0
fb622f34-a131-47d0-8fc4-8973ecf0204b,2025-11-12T08:36:29+00:00,5,406.0.0.58.159,Robert marks,406.0.0.58.159,I love it,0
a14b7862-f359-45d2-a79e-04afeedfb787,2025-11-12T08:36:07+00:00,2,406.0.0.58.159,Kalimuthu. K 86,406.0.0.58.159,the update version was not working,0
78ab55a2-cf93-47ee-a904-861211308812,2025-11-12T08:35:59+00:00,1,406.0.0.58.159,Bholu,406.0.0.58.159,suggested nahi hat Raha,0
ca449b29-58c5-4a1f-ae8d-ac8857ca8505,2025-11-12T08:35:56+00:00,5,,VAIBHAV Success point,,Instagram is the best application üíù,0
2379dbcd-55d1-42b7-8e5d-607f3b68376e,2025-11-12T08:35:37+00:00,5,,Manju Verma,,good,0
d5fe970f-1630-4544-9fc9-d6d46ae3ea64,2025-11-12T08:35:32+00:00,5,405.1.0.57.77,Badal Kumar,405.1.0.57.77,Instagram ia very usefull humen life this is real and best app,0
641b55dd-6dd2-4d1e-80b7-8f79b7b8febb,2025-11-12T08:34:54+00:00,3,406.0.0.58.159,Sadik Mewati,406.0.0.58.159,instagram god bless you,0
3f3fedc1-0e99-4032-bae8-bef847a22dc3,2025-11-12T08:34:07+00:00,5,406.0.0.58.159,Prince Verma,406.0.0.58.159,good platform üëè,0
1e2b9812-8b55-45a4-8698-ff4c0596c3e3,2025-11-12T08:33:50+00:00,3,339.0.0.30.105,Vijay Jaiswal,339.0.0.30.105,best app,0
7260a4aa-be04-4c4f-8278-197bb5ada0ac,2025-11-12T08:32:54+00:00,5,405.1.0.57.77,NARAYANA NARAYANA,405.1.0.57.77,Good one,0
b6a5cf7d-6e15-4ed2-a79d-96e0893ca906,2025-11-12T08:32:41+00:00,5,,Gopi 2222,,good,0
e407945c-611e-4a4d-b9d0-0975abfa79f7,2025-11-12T08:32:33+00:00,5,405.1.0.57.77,Onke Mbutho,405.1.0.57.77,very nice,0
77ef1f7f-0f72-48bc-911e-74db96251c27,2025-11-12T08:32:29+00:00,5,404.0.0.48.76,TAPOMAY RUDRA,404.0.0.48.76,amazing,0
703bd2b1-c541-4ff0-9feb-5f7626959b74,2025-11-12T08:31:50+00:00,5,402.0.0.49.70,Ashok Verma,402.0.0.49.70,"""very very nice"". thanks for watching my message",0
5937e502-f568-4531-8e36-7374df85a767,2025-11-12T08:31:49+00:00,1,404.0.0.48.76,17,404.0.0.48.76,Reels options not provide my account,0
81df3f2a-df71-4bab-830a-3fe5dd982246,2025-11-12T08:31:45+00:00,1,346.0.0.45.104,Select Select,346.0.0.45.104,time vest,0
096fcf86-3f11-4ec9-a703-9c01c6de33de,2025-11-12T08:31:10+00:00,1,407.0.0.0.225,Sangita Devi,407.0.0.0.225,bad features,0
77453f24-c346-40f4-80bf-f12490fdc6ac,2025-11-12T08:31:07+00:00,5,,Sowmya Ram,,super duper rayyy,0
88ecb113-fd79-4cb1-9cba-0d24a72356b5,2025-11-12T08:31:05+00:00,1,,Amarjitsingh Singh,,shi password nal. v id ne open hoo re mnu bhut dukhi krta ah app nai,0
7ef04f4e-9a52-49b6-a0bb-d8304246a18c,2025-11-12T08:29:45+00:00,5,404.0.0.48.76,Aman Yadav,404.0.0.48.76,ekdm mast valaa chlta hai ji lallan top,0
9ec84306-2ad3-4155-af3e-056ef122aea5,2025-11-12T08:29:45+00:00,5,404.0.0.48.76,Syed Awais,404.0.0.48.76,good,0
a4bc6e38-c0ef-44b0-869a-e655d90329cb,2025-11-12T08:28:16+00:00,1,407.0.0.0.227,YASH GUPTA,407.0.0.0.227,nice app,0
57b75e32-dfe7-4839-b77a-045aaeaab180,2025-11-12T08:28:13+00:00,5,394.0.0.46.81,Rijwana Khatun,394.0.0.46.81,app is so good,0
c516a504-6394-452d-a609-557d3efd911d,2025-11-12T08:27:21+00:00,1,405.1.0.57.77,Rohit Kumar,405.1.0.57.77,bekar updates button,0
ddd2a525-6dd1-41fa-b336-cfce428f1def,2025-11-12T08:27:15+00:00,4,406.0.0.58.159,Fathima H,406.0.0.58.159,plzzz Instagram,0
ee4e112f-c098-46fa-b51e-88bad8189bde,2025-11-12T08:25:55+00:00,1,366.0.0.34.86,Rahma Issack,366.0.0.34.86,my login page keeps on saying error,0
b87d43bf-ee55-4caf-96a0-befd469d8b0b,2025-11-12T08:25:02+00:00,5,,NITHOSH NITHOSH,,best apps,0
ba200b35-961b-4785-83d0-99984c4ca08b,2025-11-12T08:23:51+00:00,1,406.0.0.58.159,Bijaya Sethi,406.0.0.58.159,reels editing stopped. and not oploding,0
d2508d40-ac13-4450-8e29-d9bfb3964ce0,2025-11-12T08:23:19+00:00,4,,Abdus Sattar,,Instagram is best app because my crush used this app.,0
0e647a6a-0281-429c-8a30-a71681915931,2025-11-12T08:22:57+00:00,5,,sameer Choudhary 6333,,nice,0
9f0eb31c-a1ec-4c05-be4a-a296086305e6,2025-11-12T08:22:51+00:00,5,406.0.0.58.159,GOLUMOHAMMAD,406.0.0.58.159,Good üëç App,0
8b8c9b17-499d-4a50-9e00-77669a6f4d29,2025-11-12T08:22:29+00:00,5,,Vijay Kamble,,so use full app,0
4f190940-0eeb-4886-883a-e671a23c6575,2025-11-12T08:22:01+00:00,5,375.0.0.38.66,Satyam Singh,375.0.0.38.66,this app is amazingüòç,0
028793ce-512f-4c5b-9ee7-8359ed941c62,2025-11-12T08:21:19+00:00,5,,Farwa Ali,,it's ok,0
c0bfffef-d06c-46eb-9b8d-21de87d841ed,2025-11-12T08:20:22+00:00,5,,Dhanraj Regar,,Good app,0
99bb1de5-02f7-47e8-9ad4-f0af79ad51c1,2025-11-12T08:18:29+00:00,5,,Joban Singh,,Good app,0
29f2ae1d-8bd8-4f14-a11f-3aee5ca916a9,2025-11-12T08:18:04+00:00,3,,Ravienn Oliva,,"Como no puedo cambiar el a√±o, le doy solo 3 estrellas. Es molesto, por favor arreglen nuestro Instagram. Es molesto, es dif√≠cil cambiar el a√±o. Eso es todo, muchas gracias.",0
ae4ab795-2fd0-406a-a932-55a3b8268659,2025-11-12T08:17:31+00:00,1,405.1.0.57.77,Jaishree Sharma,405.1.0.57.77,stop changing things on instagram.. absolutely hate the new changes.,1
d56d8ced-ce1b-494e-92fe-9f548230cfd1,2025-11-12T08:17:21+00:00,5,,Amzad raza siddiqui,,that's the very good plateform for all social media houser,0
31de14c0-7a58-49fa-9d71-132eb3e68736,2025-11-12T08:16:42+00:00,1,405.1.0.57.77,Shahbaaz Alam,405.1.0.57.77,many glitches i face at this time üò≠,0
5f3bdf3f-0881-46ee-a5fd-f0a29de25dc6,2025-11-12T08:16:28+00:00,2,406.0.0.58.159,J.R. Walters,406.0.0.58.159,"not good, i couldn't enter info on what I was looking for",0
4dedcfe2-5d97-49ee-9e20-b82c290fdcb7,2025-11-12T08:16:08+00:00,1,,Sammanthan,,appa,0
38553fbf-fbd4-40ae-8d0d-38eec2837d16,2025-11-12T08:15:52+00:00,5,406.0.0.58.159,Alvis Njoroge,406.0.0.58.159,it's a very nice app,0
9a24d202-2802-4ec3-9e88-7766a99995f7,2025-11-12T08:14:47+00:00,5,406.0.0.58.159,Mohd Mohsin,406.0.0.58.159,awesome üòé,0
4bec7255-74cc-49b0-8074-d643af44b7d2,2025-11-12T08:14:31+00:00,1,,Rahil Khan,,so shameful content this app,0
a48ed8fe-4fc7-4945-8fbb-8958f47e5ca7,2025-11-12T08:14:07+00:00,5,,Sanjeev Kumar Gautam,,best apps,0
ff3eb3fd-91ea-456d-ab6a-7ea7c52fc9bc,2025-11-12T08:14:04+00:00,2,406.0.0.58.159,Rishi Manek,406.0.0.58.159,im not getting doodles on one account,0
c56197e6-1a3d-4fe9-a0dd-9bfe4b5b303a,2025-11-12T08:11:56+00:00,5,,Arpita Sardar,,this app is so beautiful üòç‚ù§Ô∏è,0
f69f6340-d56c-4d2a-b27b-26fafb1503b6,2025-11-12T08:11:51+00:00,5,,Syed G,,nice app for enjoy and contact and our connection with allüôÇ,0
d7386b5b-e435-478d-ae5d-e56578aefbfb,2025-11-12T08:10:58+00:00,4,405.1.0.57.77,Vaishnavi Sontakke,405.1.0.57.77,good,0
43d068d5-958b-40e9-90b3-9f70f168df5c,2025-11-12T08:10:37+00:00,5,405.1.0.57.77,Mohani Mohani udala,405.1.0.57.77,social media's number one app on instagram,0
68982ed4-4117-4ea4-be2c-4bd6b0976164,2025-11-12T08:09:52+00:00,5,405.1.0.57.77,Abhishek Gehlot,405.1.0.57.77,ü•∞ü•∞ü•∞ü•∞,0
cdb5c3a9-f607-476f-8ae2-6706f076cc83,2025-11-12T08:09:48+00:00,5,,VJay Parmar,,useful and helpful,0
169afcf5-e185-4722-b78c-11a0855f4712,2025-11-12T08:09:46+00:00,5,363.0.0.29.80,Pratik Unde,363.0.0.29.80,very nice üëçüëçüôÇ,0
d8a77755-554d-48c9-8545-519f9f226b57,2025-11-12T08:09:44+00:00,5,,Sanjaring Hojai,,nice app this the best app for enjoyment with the family and friends,0
65252e64-f9a6-406a-bf36-825d0f254f9e,2025-11-12T08:09:21+00:00,5,405.1.0.57.77,Geno Muoio,405.1.0.57.77,My favorite platform,0
06c58fcb-f4d9-43c5-80b3-42e0b28ccf32,2025-11-12T08:08:54+00:00,5,405.1.0.57.77,Shree vakal Designer,405.1.0.57.77,please instagram meri videos viral kar do bahut mahenat karta hu,0
503f2540-a9f5-4b63-9cb3-0581f648364a,2025-11-12T08:08:49+00:00,1,,The sumit kumar,,Hello Instagram team message request not showing,0
337e6eab-0e64-44cc-89fe-e9645a79bb47,2025-11-12T08:07:49+00:00,5,405.1.0.57.77,Sourabh Rana,405.1.0.57.77,good aplication for friend seep,0
a71830b6-1a17-4a79-8f69-7ad5dc0f3df5,2025-11-12T08:07:26+00:00,5,405.1.0.57.77,Hima Bhai,405.1.0.57.77,super,0
0b656b7e-2e7a-47ee-aa75-2954ec3266af,2025-11-12T08:06:59+00:00,5,406.0.0.58.159,Dennis Denneboom,406.0.0.58.159,I love the forced commercials. It makes me stop using the app.,22
d55ba48e-2ec6-4c8a-8622-0183126a6bf2,2025-11-12T08:05:53+00:00,4,,Manoranjan Dalai,,"Hello Instagram Team, I‚Äôd like to suggest an enhancement to Instagram Direct Messages that could improve real-time communication between users. Currently, Instagram shows only ‚Äúseen‚Äù status, but not whether a message has been delivered or if the user is active at the moment. It would be great to introduce a simple, WhatsApp-style message indicator system: ‚úì, ‚úì ‚úì , ‚úì ‚úì(Blue) ( seen ) This small but powerful update would help users better understand message flow. Best Regards Manoranjan Dalai",0
34cb075d-0692-4cec-9e9a-aace168e8820,2025-11-12T08:05:38+00:00,1,394.0.0.46.81,Habibulla Sk,394.0.0.46.81,chapri logo ka layaüòÇüòÇüòÇüòÇ,0
a8380963-8610-4e91-8012-3dbf2538462f,2025-11-12T08:05:05+00:00,5,406.0.0.58.159,Chandler Doble,406.0.0.58.159,MY LIFE WAS BORING BEFORE INSTAGRAM BUT ONCE I DOWNLOADED THE APP I STARTED TO SEE IN COLORS!,0
99f1ce9b-7e4a-4ca4-93a7-3ef2cf76dba2,2025-11-12T08:04:03+00:00,5,,Mukta Chakraborty,,great,0
d54cad44-7b93-43ea-9a8e-c083a940b507,2025-11-12T08:04:03+00:00,5,405.1.0.57.77,Ashish Cahvan,405.1.0.57.77,very nice,0
5db650a5-2c9f-461d-b814-f013a626ff10,2025-11-12T08:03:25+00:00,5,406.0.0.58.159,Annu Tanwar,406.0.0.58.159,nice aap... jo mood ho vo reel hi aajati hai badiya hai ‚ù§Ô∏è,0
e36d1375-7c7c-4c33-b724-56741af505cd,2025-11-12T08:02:26+00:00,5,406.0.0.58.159,Fahad Fahad,406.0.0.58.159,good üëç,0
36f38df2-ec69-429d-a898-1e00921b6676,2025-11-12T08:02:13+00:00,1,406.0.0.58.159,_Red Skeleton_,406.0.0.58.159,my comments are being restricted for no reason at all!,0
172bf403-f3ce-41bb-aa71-47827da8c0d7,2025-11-12T08:01:56+00:00,1,406.0.0.58.159,Gisele Mascarenhas,406.0.0.58.159,lost my account due to this new age verification thing. I'm way older than 13 and there's nothing i can do now,0
c24d8165-30c1-4c0a-95ab-51bac646ebf4,2025-11-12T08:01:06+00:00,1,405.1.0.57.77,Shubham Raj,405.1.0.57.77,wrost app ever üòÇ,0
780b0af6-43d9-401f-800a-1807ce226760,2025-11-12T08:00:46+00:00,1,398.1.0.53.77,Rita Abhishek mahuri India's no -1 company,398.1.0.53.77,mera ek I'd par instagram ne restriction Laga Diya Hai wo bhi 1 saal ke liye or maine koi rules bhi nhi break kra or baki ke I'd me bhi humesha problem hota rahta hai kabhi post nhi hota hai video or kabhi app hi open nhi hota hai mai bahut jyada pareshan ho rhi hu in sub problems ki vajah se ü•≤üòî,0
f1b14a90-190e-4905-a768-643829946cb1,2025-11-12T08:00:30+00:00,5,406.0.0.58.159,Jayanta Basumatary,406.0.0.58.159,verry good,0
ec9bd87c-cbd7-425d-996c-10c85a23f596,2025-11-12T08:00:00+00:00,5,406.0.0.58.159,Anju Muvel,406.0.0.58.159,super üëç,0
8f50a087-2b6a-46e8-b6eb-084241cee5c8,2025-11-12T07:59:54+00:00,4,405.1.0.57.77,Surya Pratap Singh,405.1.0.57.77,must,0
82c9107e-2d1e-49a8-b26a-a58db5903fd5,2025-11-12T07:59:19+00:00,5,405.1.0.57.77,Manisha Bhardwaj,405.1.0.57.77,very. nycüòäüíØ,0
3b7e035f-5728-4c6b-bf88-520015aabb95,2025-11-12T07:59:18+00:00,5,404.0.0.48.76,Raj Mondal,404.0.0.48.76,Good app üëçüèª,0
862a403b-61cf-4840-ab8e-46ea0e4219bd,2025-11-12T07:59:16+00:00,5,,Venkuu BVB,,it is very much funny videos and trend video,0
e6ffaba6-e5bd-4b85-84fb-b8394ee92c5b,2025-11-12T07:59:04+00:00,5,406.0.0.58.159,Suhani Shan,406.0.0.58.159,instagram is so nice and cool,0
7d5a1b9a-d67e-4a71-9bdc-e701930d71c5,2025-11-12T07:58:40+00:00,1,406.0.0.58.159,Lucia Reti,406.0.0.58.159,I have been using it for a while and some of my older pictures disappeared or are under wrong photos.,0
3d0f327d-e303-408c-b1ca-b7a912ecd3fc,2025-11-12T07:58:03+00:00,5,,Rajan Sha,,5 Rajan,0
ade5ec86-4dc2-4938-b6e8-dde89d36d65a,2025-11-12T07:57:53+00:00,5,405.1.0.57.77,Prakash Patri,405.1.0.57.77,oosom,0
05671ad2-42db-4414-92f8-74e008706ec0,2025-11-12T07:57:40+00:00,5,398.1.0.53.77,Omar Ahmed,398.1.0.53.77,The best social,0
d215373e-c867-4174-8748-736c8f37d2f1,2025-11-12T07:57:38+00:00,5,406.0.0.58.159,Tehjin Islam,406.0.0.58.159,favourite app,0
